5 Minutes,Speed (mph),# Lane Points,% Observed
1/8/2024 0:00,69.50,6,0.00
1/8/2024 0:05,68.90,6,0.00
1/8/2024 0:10,67.70,6,0.00
1/8/2024 0:15,68.70,6,0.00
1/8/2024 0:20,69.40,6,0.00
1/8/2024 0:25,68.90,6,0.00
1/8/2024 0:30,68.80,6,0.00
1/8/2024 0:35,68.40,6,0.00
1/8/2024 0:40,69.40,6,0.00
1/8/2024 0:45,68.80,6,0.00
1/8/2024 0:50,69.30,6,0.00
1/8/2024 0:55,69.60,6,0.00
1/8/2024 1:00,69.00,6,0.00
1/8/2024 1:05,69.90,6,0.00
1/8/2024 1:10,69.50,6,0.00
1/8/2024 1:15,69.80,6,0.00
1/8/2024 1:20,69.50,6,0.00
1/8/2024 1:25,69.30,6,0.00
1/8/2024 1:30,68.80,6,0.00
1/8/2024 1:35,69.20,6,0.00
1/8/2024 1:40,70.20,6,0.00
1/8/2024 1:45,69.30,6,0.00
1/8/2024 1:50,69.60,6,0.00
1/8/2024 1:55,69.50,6,0.00
1/8/2024 2:00,70.70,6,0.00
1/8/2024 2:05,70.30,6,0.00
1/8/2024 2:10,70.30,6,0.00
1/8/2024 2:15,69.90,6,0.00
1/8/2024 2:20,69.70,6,0.00
1/8/2024 2:25,69.30,6,0.00
1/8/2024 2:30,70.70,6,0.00
1/8/2024 2:35,70.30,6,0.00
1/8/2024 2:40,69.80,6,0.00
1/8/2024 2:45,69.70,6,0.00
1/8/2024 2:50,70.20,6,0.00
1/8/2024 2:55,70.30,6,0.00
1/8/2024 3:00,70.50,6,0.00
1/8/2024 3:05,70.20,6,0.00
1/8/2024 3:10,70.90,6,0.00
1/8/2024 3:15,70.90,6,0.00
1/8/2024 3:20,71.40,6,0.00
1/8/2024 3:25,71.60,6,0.00
1/8/2024 3:30,71.00,6,0.00
1/8/2024 3:35,71.10,6,0.00
1/8/2024 3:40,72.20,6,0.00
1/8/2024 3:45,71.60,6,0.00
1/8/2024 3:50,71.00,6,0.00
1/8/2024 3:55,71.50,6,0.00
1/8/2024 4:00,71.80,6,0.00
1/8/2024 4:05,72.10,6,0.00
1/8/2024 4:10,72.10,6,0.00
1/8/2024 4:15,72.30,6,0.00
1/8/2024 4:20,72.00,6,0.00
1/8/2024 4:25,71.10,6,0.00
1/8/2024 4:30,72.40,6,0.00
1/8/2024 4:35,71.80,6,0.00
1/8/2024 4:40,72.40,6,0.00
1/8/2024 4:45,71.60,6,0.00
1/8/2024 4:50,72.10,6,0.00
1/8/2024 4:55,71.50,6,0.00
1/8/2024 5:00,72.50,6,0.00
1/8/2024 5:05,72.40,6,0.00
1/8/2024 5:10,73.10,6,0.00
1/8/2024 5:15,72.30,6,0.00
1/8/2024 5:20,72.60,6,0.00
1/8/2024 5:25,72.80,6,0.00
1/8/2024 5:30,72.60,6,0.00
1/8/2024 5:35,72.00,6,0.00
1/8/2024 5:40,71.20,6,0.00
1/8/2024 5:45,70.50,6,0.00
1/8/2024 5:50,69.80,6,0.00
1/8/2024 5:55,69.40,6,0.00
1/8/2024 6:00,69.20,6,0.00
1/8/2024 6:05,69.40,6,0.00
1/8/2024 6:10,67.90,6,0.00
1/8/2024 6:15,67.30,6,0.00
1/8/2024 6:20,66.20,6,0.00
1/8/2024 6:25,65.50,6,0.00
1/8/2024 6:30,64.90,6,0.00
1/8/2024 6:35,63.90,6,0.00
1/8/2024 6:40,63.60,6,0.00
1/8/2024 6:45,63.30,6,0.00
1/8/2024 6:50,63.00,6,0.00
1/8/2024 6:55,63.80,6,0.00
1/8/2024 7:00,63.40,6,0.00
1/8/2024 7:05,63.80,6,0.00
1/8/2024 7:10,64.50,6,0.00
1/8/2024 7:15,64.40,6,0.00
1/8/2024 7:20,62.00,6,0.00
1/8/2024 7:25,61.00,6,0.00
1/8/2024 7:30,60.80,6,0.00
1/8/2024 7:35,60.70,6,0.00
1/8/2024 7:40,60.20,6,0.00
1/8/2024 7:45,60.50,6,0.00
1/8/2024 7:50,60.00,6,0.00
1/8/2024 7:55,56.50,6,0.00
1/8/2024 8:00,55.60,6,0.00
1/8/2024 8:05,58.10,6,0.00
1/8/2024 8:10,60.30,6,0.00
1/8/2024 8:15,61.00,6,0.00
1/8/2024 8:20,62.10,6,0.00
1/8/2024 8:25,62.50,6,0.00
1/8/2024 8:30,63.60,6,0.00
1/8/2024 8:35,63.70,6,0.00
1/8/2024 8:40,63.90,6,0.00
1/8/2024 8:45,64.00,6,0.00
1/8/2024 8:50,64.10,6,0.00
1/8/2024 8:55,64.30,6,0.00
1/8/2024 9:00,65.40,6,0.00
1/8/2024 9:05,66.50,6,0.00
1/8/2024 9:10,65.50,6,0.00
1/8/2024 9:15,65.90,6,0.00
1/8/2024 9:20,66.40,6,0.00
1/8/2024 9:25,64.90,6,0.00
1/8/2024 9:30,65.30,6,0.00
1/8/2024 9:35,64.20,6,0.00
1/8/2024 9:40,65.50,6,0.00
1/8/2024 9:45,65.30,6,0.00
1/8/2024 9:50,64.20,6,0.00
1/8/2024 9:55,64.40,6,0.00
1/8/2024 10:00,65.10,6,0.00
1/8/2024 10:05,65.30,6,0.00
1/8/2024 10:10,64.20,6,0.00
1/8/2024 10:15,64.20,6,0.00
1/8/2024 10:20,65.40,6,0.00
1/8/2024 10:25,64.90,6,0.00
1/8/2024 10:30,65.00,6,0.00
1/8/2024 10:35,65.50,6,0.00
1/8/2024 10:40,65.50,6,0.00
1/8/2024 10:45,64.40,6,0.00
1/8/2024 10:50,64.60,6,0.00
1/8/2024 10:55,65.20,6,0.00
1/8/2024 11:00,65.90,6,0.00
1/8/2024 11:05,66.60,6,0.00
1/8/2024 11:10,65.50,6,0.00
1/8/2024 11:15,66.60,6,0.00
1/8/2024 11:20,66.40,6,0.00
1/8/2024 11:25,66.80,6,0.00
1/8/2024 11:30,67.20,6,0.00
1/8/2024 11:35,66.60,6,0.00
1/8/2024 11:40,66.10,6,0.00
1/8/2024 11:45,65.60,6,0.00
1/8/2024 11:50,65.50,6,0.00
1/8/2024 11:55,65.90,6,0.00
1/8/2024 12:00,66.00,6,0.00
1/8/2024 12:05,65.90,6,0.00
1/8/2024 12:10,65.70,6,0.00
1/8/2024 12:15,66.20,6,0.00
1/8/2024 12:20,65.90,6,0.00
1/8/2024 12:25,65.50,6,0.00
1/8/2024 12:30,66.20,6,0.00
1/8/2024 12:35,66.40,6,0.00
1/8/2024 12:40,65.70,6,0.00
1/8/2024 12:45,65.40,6,0.00
1/8/2024 12:50,66.20,6,0.00
1/8/2024 12:55,65.40,6,0.00
1/8/2024 13:00,65.40,6,0.00
1/8/2024 13:05,65.90,6,0.00
1/8/2024 13:10,66.50,6,0.00
1/8/2024 13:15,65.10,6,0.00
1/8/2024 13:20,66.20,6,0.00
1/8/2024 13:25,66.90,6,0.00
1/8/2024 13:30,67.40,6,0.00
1/8/2024 13:35,66.10,6,0.00
1/8/2024 13:40,65.80,6,0.00
1/8/2024 13:45,67.00,6,0.00
1/8/2024 13:50,66.60,6,0.00
1/8/2024 13:55,67.60,6,0.00
1/8/2024 14:00,66.90,6,0.00
1/8/2024 14:05,67.20,6,0.00
1/8/2024 14:10,67.20,6,0.00
1/8/2024 14:15,66.70,6,0.00
1/8/2024 14:20,66.80,6,0.00
1/8/2024 14:25,66.90,6,0.00
1/8/2024 14:30,67.20,6,0.00
1/8/2024 14:35,67.30,6,0.00
1/8/2024 14:40,67.50,6,0.00
1/8/2024 14:45,67.10,6,0.00
1/8/2024 14:50,67.40,6,0.00
1/8/2024 14:55,66.80,6,0.00
1/8/2024 15:00,66.60,6,0.00
1/8/2024 15:05,67.50,6,0.00
1/8/2024 15:10,66.60,6,0.00
1/8/2024 15:15,67.60,6,0.00
1/8/2024 15:20,67.20,6,0.00
1/8/2024 15:25,66.80,6,0.00
1/8/2024 15:30,66.70,6,0.00
1/8/2024 15:35,66.10,6,0.00
1/8/2024 15:40,66.70,6,0.00
1/8/2024 15:45,66.20,6,0.00
1/8/2024 15:50,65.00,6,0.00
1/8/2024 15:55,65.00,6,0.00
1/8/2024 16:00,66.60,6,0.00
1/8/2024 16:05,65.80,6,0.00
1/8/2024 16:10,66.10,6,0.00
1/8/2024 16:15,66.60,6,0.00
1/8/2024 16:20,67.20,6,0.00
1/8/2024 16:25,66.80,6,0.00
1/8/2024 16:30,67.20,6,0.00
1/8/2024 16:35,66.80,6,0.00
1/8/2024 16:40,67.20,6,0.00
1/8/2024 16:45,66.70,6,0.00
1/8/2024 16:50,66.90,6,0.00
1/8/2024 16:55,66.30,6,0.00
1/8/2024 17:00,65.90,6,0.00
1/8/2024 17:05,66.10,6,0.00
1/8/2024 17:10,64.20,6,0.00
1/8/2024 17:15,64.60,6,0.00
1/8/2024 17:20,64.30,6,0.00
1/8/2024 17:25,63.90,6,0.00
1/8/2024 17:30,63.80,6,0.00
1/8/2024 17:35,63.00,6,0.00
1/8/2024 17:40,63.60,6,0.00
1/8/2024 17:45,64.00,6,0.00
1/8/2024 17:50,63.60,6,0.00
1/8/2024 17:55,64.50,6,0.00
1/8/2024 18:00,64.60,6,0.00
1/8/2024 18:05,65.30,6,0.00
1/8/2024 18:10,65.30,6,0.00
1/8/2024 18:15,65.10,6,0.00
1/8/2024 18:20,65.60,6,0.00
1/8/2024 18:25,66.10,6,0.00
1/8/2024 18:30,65.40,6,0.00
1/8/2024 18:35,66.50,6,0.00
1/8/2024 18:40,66.10,6,0.00
1/8/2024 18:45,65.70,6,0.00
1/8/2024 18:50,65.90,6,0.00
1/8/2024 18:55,66.60,6,0.00
1/8/2024 19:00,65.90,6,0.00
1/8/2024 19:05,66.30,6,0.00
1/8/2024 19:10,65.90,6,0.00
1/8/2024 19:15,66.50,6,0.00
1/8/2024 19:20,66.50,6,0.00
1/8/2024 19:25,66.20,6,0.00
1/8/2024 19:30,66.20,6,0.00
1/8/2024 19:35,66.30,6,0.00
1/8/2024 19:40,66.30,6,0.00
1/8/2024 19:45,66.40,6,0.00
1/8/2024 19:50,67.10,6,0.00
1/8/2024 19:55,66.90,6,0.00
1/8/2024 20:00,66.60,6,0.00
1/8/2024 20:05,65.90,6,0.00
1/8/2024 20:10,66.80,6,0.00
1/8/2024 20:15,67.20,6,0.00
1/8/2024 20:20,66.70,6,0.00
1/8/2024 20:25,66.50,6,0.00
1/8/2024 20:30,66.00,6,0.00
1/8/2024 20:35,66.00,6,0.00
1/8/2024 20:40,66.70,6,0.00
1/8/2024 20:45,67.10,6,0.00
1/8/2024 20:50,67.60,6,0.00
1/8/2024 20:55,67.30,6,0.00
1/8/2024 21:00,68.50,6,0.00
1/8/2024 21:05,68.70,6,0.00
1/8/2024 21:10,69.50,6,0.00
1/8/2024 21:15,69.40,6,0.00
1/8/2024 21:20,69.80,6,0.00
1/8/2024 21:25,69.70,6,0.00
1/8/2024 21:30,69.30,6,0.00
1/8/2024 21:35,70.70,6,0.00
1/8/2024 21:40,70.50,6,0.00
1/8/2024 21:45,70.20,6,0.00
1/8/2024 21:50,70.30,6,0.00
1/8/2024 21:55,70.40,6,0.00
1/8/2024 22:00,70.70,6,0.00
1/8/2024 22:05,70.40,6,0.00
1/8/2024 22:10,68.60,6,0.00
1/8/2024 22:15,69.30,6,0.00
1/8/2024 22:20,69.90,6,0.00
1/8/2024 22:25,69.50,6,0.00
1/8/2024 22:30,69.00,6,0.00
1/8/2024 22:35,69.40,6,0.00
1/8/2024 22:40,69.40,6,0.00
1/8/2024 22:45,69.50,6,0.00
1/8/2024 22:50,69.00,6,0.00
1/8/2024 22:55,70.10,6,0.00
1/8/2024 23:00,70.30,6,0.00
1/8/2024 23:05,70.30,6,0.00
1/8/2024 23:10,69.70,6,0.00
1/8/2024 23:15,69.10,6,0.00
1/8/2024 23:20,69.60,6,0.00
1/8/2024 23:25,69.80,6,0.00
1/8/2024 23:30,69.00,6,0.00
1/8/2024 23:35,69.40,6,0.00
1/8/2024 23:40,68.60,6,0.00
1/8/2024 23:45,69.20,6,0.00
1/8/2024 23:50,70.50,6,0.00
1/8/2024 23:55,69.80,6,0.00
1/9/2024 0:00,69.80,6,0.00
1/9/2024 0:05,69.80,6,0.00
1/9/2024 0:10,69.70,6,0.00
1/9/2024 0:15,70.00,6,0.00
1/9/2024 0:20,70.40,6,0.00
1/9/2024 0:25,69.70,6,0.00
1/9/2024 0:30,70.00,6,0.00
1/9/2024 0:35,69.50,6,0.00
1/9/2024 0:40,69.30,6,0.00
1/9/2024 0:45,69.00,6,0.00
1/9/2024 0:50,70.00,6,0.00
1/9/2024 0:55,70.10,6,0.00
1/9/2024 1:00,69.20,6,0.00
1/9/2024 1:05,69.20,6,0.00
1/9/2024 1:10,70.10,6,0.00
1/9/2024 1:15,69.60,6,0.00
1/9/2024 1:20,69.20,6,0.00
1/9/2024 1:25,70.20,6,0.00
1/9/2024 1:30,70.00,6,0.00
1/9/2024 1:35,70.10,6,0.00
1/9/2024 1:40,69.90,6,0.00
1/9/2024 1:45,69.70,6,0.00
1/9/2024 1:50,69.00,6,0.00
1/9/2024 1:55,70.30,6,0.00
1/9/2024 2:00,70.60,6,0.00
1/9/2024 2:05,70.00,6,0.00
1/9/2024 2:10,70.80,6,0.00
1/9/2024 2:15,70.00,6,0.00
1/9/2024 2:20,70.40,6,0.00
1/9/2024 2:25,70.20,6,0.00
1/9/2024 2:30,70.20,6,0.00
1/9/2024 2:35,70.30,6,0.00
1/9/2024 2:40,69.90,6,0.00
1/9/2024 2:45,70.70,6,0.00
1/9/2024 2:50,70.70,6,0.00
1/9/2024 2:55,70.30,6,0.00
1/9/2024 3:00,70.10,6,0.00
1/9/2024 3:05,71.10,6,0.00
1/9/2024 3:10,70.80,6,0.00
1/9/2024 3:15,71.10,6,0.00
1/9/2024 3:20,70.90,6,0.00
1/9/2024 3:25,70.80,6,0.00
1/9/2024 3:30,70.50,6,0.00
1/9/2024 3:35,70.80,6,0.00
1/9/2024 3:40,71.20,6,0.00
1/9/2024 3:45,71.20,6,0.00
1/9/2024 3:50,70.80,6,0.00
1/9/2024 3:55,71.50,6,0.00
1/9/2024 4:00,71.40,6,0.00
1/9/2024 4:05,70.80,6,0.00
1/9/2024 4:10,70.40,6,0.00
1/9/2024 4:15,70.70,6,0.00
1/9/2024 4:20,71.10,6,0.00
1/9/2024 4:25,70.50,6,0.00
1/9/2024 4:30,71.00,6,0.00
1/9/2024 4:35,70.90,6,0.00
1/9/2024 4:40,70.90,6,0.00
1/9/2024 4:45,71.30,6,0.00
1/9/2024 4:50,70.90,6,0.00
1/9/2024 4:55,70.70,6,0.00
1/9/2024 5:00,72.60,6,0.00
1/9/2024 5:05,72.50,6,0.00
1/9/2024 5:10,73.00,6,0.00
1/9/2024 5:15,73.00,6,0.00
1/9/2024 5:20,72.80,6,0.00
1/9/2024 5:25,72.50,6,0.00
1/9/2024 5:30,72.50,6,0.00
1/9/2024 5:35,72.70,6,0.00
1/9/2024 5:40,70.80,6,0.00
1/9/2024 5:45,70.60,6,0.00
1/9/2024 5:50,70.50,6,0.00
1/9/2024 5:55,70.70,6,0.00
1/9/2024 6:00,68.90,6,0.00
1/9/2024 6:05,68.00,6,0.00
1/9/2024 6:10,66.30,6,0.00
1/9/2024 6:15,65.50,6,0.00
1/9/2024 6:20,65.10,6,0.00
1/9/2024 6:25,64.20,6,0.00
1/9/2024 6:30,64.20,6,0.00
1/9/2024 6:35,63.30,6,0.00
1/9/2024 6:40,62.10,6,0.00
1/9/2024 6:45,61.50,6,0.00
1/9/2024 6:50,62.30,6,0.00
1/9/2024 6:55,62.90,6,0.00
1/9/2024 7:00,63.70,6,0.00
1/9/2024 7:05,63.00,6,0.00
1/9/2024 7:10,62.00,6,0.00
1/9/2024 7:15,60.20,6,0.00
1/9/2024 7:20,59.20,6,0.00
1/9/2024 7:25,58.40,6,0.00
1/9/2024 7:30,58.70,6,0.00
1/9/2024 7:35,58.30,6,0.00
1/9/2024 7:40,55.90,6,0.00
1/9/2024 7:45,55.40,6,0.00
1/9/2024 7:50,56.50,6,0.00
1/9/2024 7:55,55.90,6,0.00
1/9/2024 8:00,55.90,6,0.00
1/9/2024 8:05,53.80,6,0.00
1/9/2024 8:10,53.20,6,0.00
1/9/2024 8:15,53.50,6,0.00
1/9/2024 8:20,55.10,6,0.00
1/9/2024 8:25,57.80,6,0.00
1/9/2024 8:30,60.30,6,0.00
1/9/2024 8:35,61.80,6,0.00
1/9/2024 8:40,62.20,6,0.00
1/9/2024 8:45,61.90,6,0.00
1/9/2024 8:50,62.70,6,0.00
1/9/2024 8:55,61.60,6,0.00
1/9/2024 9:00,63.10,6,0.00
1/9/2024 9:05,64.30,6,0.00
1/9/2024 9:10,64.50,6,0.00
1/9/2024 9:15,64.30,6,0.00
1/9/2024 9:20,64.00,6,0.00
1/9/2024 9:25,63.50,6,0.00
1/9/2024 9:30,63.40,6,0.00
1/9/2024 9:35,63.90,6,0.00
1/9/2024 9:40,64.00,6,0.00
1/9/2024 9:45,63.50,6,0.00
1/9/2024 9:50,63.50,6,0.00
1/9/2024 9:55,64.00,6,0.00
1/9/2024 10:00,65.00,6,0.00
1/9/2024 10:05,64.60,6,0.00
1/9/2024 10:10,64.90,6,0.00
1/9/2024 10:15,64.40,6,0.00
1/9/2024 10:20,64.20,6,0.00
1/9/2024 10:25,64.80,6,0.00
1/9/2024 10:30,64.80,6,0.00
1/9/2024 10:35,64.60,6,0.00
1/9/2024 10:40,64.60,6,0.00
1/9/2024 10:45,64.70,6,0.00
1/9/2024 10:50,64.20,6,0.00
1/9/2024 10:55,64.00,6,0.00
1/9/2024 11:00,63.60,6,0.00
1/9/2024 11:05,63.80,6,0.00
1/9/2024 11:10,63.50,6,0.00
1/9/2024 11:15,63.80,6,0.00
1/9/2024 11:20,64.10,6,0.00
1/9/2024 11:25,64.60,6,0.00
1/9/2024 11:30,63.60,6,0.00
1/9/2024 11:35,63.40,6,0.00
1/9/2024 11:40,63.60,6,0.00
1/9/2024 11:45,63.70,6,0.00
1/9/2024 11:50,63.10,6,0.00
1/9/2024 11:55,63.50,6,0.00
1/9/2024 12:00,64.30,6,0.00
1/9/2024 12:05,64.00,6,0.00
1/9/2024 12:10,64.30,6,0.00
1/9/2024 12:15,64.60,6,0.00
1/9/2024 12:20,64.70,6,0.00
1/9/2024 12:25,64.70,6,0.00
1/9/2024 12:30,65.20,6,0.00
1/9/2024 12:35,65.30,6,0.00
1/9/2024 12:40,64.20,6,0.00
1/9/2024 12:45,65.40,6,0.00
1/9/2024 12:50,65.40,6,0.00
1/9/2024 12:55,65.30,6,0.00
1/9/2024 13:00,65.80,6,0.00
1/9/2024 13:05,65.60,6,0.00
1/9/2024 13:10,65.70,6,0.00
1/9/2024 13:15,65.20,6,0.00
1/9/2024 13:20,65.50,6,0.00
1/9/2024 13:25,66.20,6,0.00
1/9/2024 13:30,65.80,6,0.00
1/9/2024 13:35,65.80,6,0.00
1/9/2024 13:40,65.50,6,0.00
1/9/2024 13:45,65.50,6,0.00
1/9/2024 13:50,65.90,6,0.00
1/9/2024 13:55,66.50,6,0.00
1/9/2024 14:00,66.70,6,0.00
1/9/2024 14:05,66.10,6,0.00
1/9/2024 14:10,66.10,6,0.00
1/9/2024 14:15,65.80,6,0.00
1/9/2024 14:20,65.70,6,0.00
1/9/2024 14:25,65.60,6,0.00
1/9/2024 14:30,66.50,6,0.00
1/9/2024 14:35,66.40,6,0.00
1/9/2024 14:40,65.40,6,0.00
1/9/2024 14:45,65.80,6,0.00
1/9/2024 14:50,65.60,6,0.00
1/9/2024 14:55,65.80,6,0.00
1/9/2024 15:00,66.60,6,0.00
1/9/2024 15:05,66.10,6,0.00
1/9/2024 15:10,65.90,6,0.00
1/9/2024 15:15,65.80,6,0.00
1/9/2024 15:20,66.80,6,0.00
1/9/2024 15:25,66.40,6,0.00
1/9/2024 15:30,66.50,6,0.00
1/9/2024 15:35,67.20,6,0.00
1/9/2024 15:40,66.90,6,0.00
1/9/2024 15:45,66.30,6,0.00
1/9/2024 15:50,66.00,6,0.00
1/9/2024 15:55,66.10,6,0.00
1/9/2024 16:00,67.10,6,0.00
1/9/2024 16:05,66.90,6,0.00
1/9/2024 16:10,67.00,6,0.00
1/9/2024 16:15,67.60,6,0.00
1/9/2024 16:20,66.60,6,0.00
1/9/2024 16:25,67.00,6,0.00
1/9/2024 16:30,65.40,6,0.00
1/9/2024 16:35,66.20,6,0.00
1/9/2024 16:40,65.90,6,0.00
1/9/2024 16:45,65.80,6,0.00
1/9/2024 16:50,65.80,6,0.00
1/9/2024 16:55,64.60,6,0.00
1/9/2024 17:00,65.30,6,0.00
1/9/2024 17:05,65.30,6,0.00
1/9/2024 17:10,63.50,6,0.00
1/9/2024 17:15,63.20,6,0.00
1/9/2024 17:20,62.80,6,0.00
1/9/2024 17:25,62.90,6,0.00
1/9/2024 17:30,63.30,6,0.00
1/9/2024 17:35,63.20,6,0.00
1/9/2024 17:40,63.70,6,0.00
1/9/2024 17:45,64.30,6,0.00
1/9/2024 17:50,64.30,6,0.00
1/9/2024 17:55,65.40,6,0.00
1/9/2024 18:00,65.80,6,0.00
1/9/2024 18:05,65.20,6,0.00
1/9/2024 18:10,65.50,6,0.00
1/9/2024 18:15,65.30,6,0.00
1/9/2024 18:20,65.80,6,0.00
1/9/2024 18:25,66.20,6,0.00
1/9/2024 18:30,66.30,6,0.00
1/9/2024 18:35,66.00,6,0.00
1/9/2024 18:40,66.90,6,0.00
1/9/2024 18:45,67.50,6,0.00
1/9/2024 18:50,67.00,6,0.00
1/9/2024 18:55,67.40,6,0.00
1/9/2024 19:00,67.60,6,0.00
1/9/2024 19:05,66.60,6,0.00
1/9/2024 19:10,66.60,6,0.00
1/9/2024 19:15,66.50,6,0.00
1/9/2024 19:20,67.40,6,0.00
1/9/2024 19:25,67.40,6,0.00
1/9/2024 19:30,67.80,6,0.00
1/9/2024 19:35,68.40,6,0.00
1/9/2024 19:40,68.90,6,0.00
1/9/2024 19:45,68.30,6,0.00
1/9/2024 19:50,67.80,6,0.00
1/9/2024 19:55,68.00,6,0.00
1/9/2024 20:00,67.00,6,0.00
1/9/2024 20:05,68.10,6,0.00
1/9/2024 20:10,67.80,6,0.00
1/9/2024 20:15,68.30,6,0.00
1/9/2024 20:20,67.50,6,0.00
1/9/2024 20:25,68.00,6,0.00
1/9/2024 20:30,67.60,6,0.00
1/9/2024 20:35,68.20,6,0.00
1/9/2024 20:40,67.30,6,0.00
1/9/2024 20:45,68.40,6,0.00
1/9/2024 20:50,68.70,6,0.00
1/9/2024 20:55,69.70,6,0.00
1/9/2024 21:00,69.00,6,0.00
1/9/2024 21:05,68.40,6,0.00
1/9/2024 21:10,69.60,6,0.00
1/9/2024 21:15,69.10,6,0.00
1/9/2024 21:20,69.60,6,0.00
1/9/2024 21:25,69.70,6,0.00
1/9/2024 21:30,70.00,6,0.00
1/9/2024 21:35,67.70,6,0.00
1/9/2024 21:40,68.40,6,0.00
1/9/2024 21:45,69.00,6,0.00
1/9/2024 21:50,68.60,6,0.00
1/9/2024 21:55,69.30,6,0.00
1/9/2024 22:00,69.60,6,0.00
1/9/2024 22:05,70.00,6,0.00
1/9/2024 22:10,68.90,6,0.00
1/9/2024 22:15,69.30,6,0.00
1/9/2024 22:20,68.90,6,0.00
1/9/2024 22:25,69.20,6,0.00
1/9/2024 22:30,70.20,6,0.00
1/9/2024 22:35,70.60,6,0.00
1/9/2024 22:40,70.40,6,0.00
1/9/2024 22:45,70.30,6,0.00
1/9/2024 22:50,70.20,6,0.00
1/9/2024 22:55,70.70,6,0.00
1/9/2024 23:00,69.10,6,0.00
1/9/2024 23:05,69.50,6,0.00
1/9/2024 23:10,69.40,6,0.00
1/9/2024 23:15,68.80,6,0.00
1/9/2024 23:20,69.40,6,0.00
1/9/2024 23:25,69.20,6,0.00
1/9/2024 23:30,68.90,6,0.00
1/9/2024 23:35,69.30,6,0.00
1/9/2024 23:40,68.90,6,0.00
1/9/2024 23:45,68.20,6,0.00
1/9/2024 23:50,69.60,6,0.00
1/9/2024 23:55,68.60,6,0.00
1/10/2024 0:00,68.90,6,0.00
1/10/2024 0:05,69.30,6,0.00
1/10/2024 0:10,69.30,6,0.00
1/10/2024 0:15,69.00,6,0.00
1/10/2024 0:20,69.70,6,0.00
1/10/2024 0:25,69.40,6,0.00
1/10/2024 0:30,69.30,6,0.00
1/10/2024 0:35,69.60,6,0.00
1/10/2024 0:40,69.50,6,0.00
1/10/2024 0:45,70.50,6,0.00
1/10/2024 0:50,69.60,6,0.00
1/10/2024 0:55,69.20,6,0.00
1/10/2024 1:00,69.00,6,0.00
1/10/2024 1:05,69.10,6,0.00
1/10/2024 1:10,68.50,6,0.00
1/10/2024 1:15,69.10,6,0.00
1/10/2024 1:20,68.80,6,0.00
1/10/2024 1:25,69.50,6,0.00
1/10/2024 1:30,70.10,6,0.00
1/10/2024 1:35,70.30,6,0.00
1/10/2024 1:40,70.70,6,0.00
1/10/2024 1:45,69.20,6,0.00
1/10/2024 1:50,70.50,6,0.00
1/10/2024 1:55,71.00,6,0.00
1/10/2024 2:00,70.30,6,0.00
1/10/2024 2:05,70.40,6,0.00
1/10/2024 2:10,69.80,6,0.00
1/10/2024 2:15,70.00,6,0.00
1/10/2024 2:20,70.40,6,0.00
1/10/2024 2:25,70.00,6,0.00
1/10/2024 2:30,70.50,6,0.00
1/10/2024 2:35,71.30,6,0.00
1/10/2024 2:40,70.50,6,0.00
1/10/2024 2:45,70.30,6,0.00
1/10/2024 2:50,70.80,6,0.00
1/10/2024 2:55,70.90,6,0.00
1/10/2024 3:00,71.00,6,0.00
1/10/2024 3:05,71.70,6,0.00
1/10/2024 3:10,71.10,6,0.00
1/10/2024 3:15,71.00,6,0.00
1/10/2024 3:20,71.40,6,0.00
1/10/2024 3:25,71.50,6,0.00
1/10/2024 3:30,71.80,6,0.00
1/10/2024 3:35,70.40,6,0.00
1/10/2024 3:40,71.70,6,0.00
1/10/2024 3:45,72.10,6,0.00
1/10/2024 3:50,72.60,6,0.00
1/10/2024 3:55,71.90,6,0.00
1/10/2024 4:00,71.40,6,0.00
1/10/2024 4:05,72.20,6,0.00
1/10/2024 4:10,72.10,6,0.00
1/10/2024 4:15,72.60,6,0.00
1/10/2024 4:20,71.50,6,0.00
1/10/2024 4:25,70.60,6,0.00
1/10/2024 4:30,71.80,6,0.00
1/10/2024 4:35,70.90,6,0.00
1/10/2024 4:40,70.10,6,0.00
1/10/2024 4:45,70.80,6,0.00
1/10/2024 4:50,70.70,6,0.00
1/10/2024 4:55,70.50,6,0.00
1/10/2024 5:00,71.80,6,0.00
1/10/2024 5:05,72.00,6,0.00
1/10/2024 5:10,72.80,6,0.00
1/10/2024 5:15,72.60,6,0.00
1/10/2024 5:20,71.50,6,0.00
1/10/2024 5:25,72.40,6,0.00
1/10/2024 5:30,71.70,6,0.00
1/10/2024 5:35,70.90,6,0.00
1/10/2024 5:40,70.70,6,0.00
1/10/2024 5:45,69.70,6,0.00
1/10/2024 5:50,68.50,6,0.00
1/10/2024 5:55,69.10,6,0.00
1/10/2024 6:00,68.80,6,0.00
1/10/2024 6:05,68.20,6,0.00
1/10/2024 6:10,67.10,6,0.00
1/10/2024 6:15,66.30,6,0.00
1/10/2024 6:20,65.90,6,0.00
1/10/2024 6:25,65.50,6,0.00
1/10/2024 6:30,65.00,6,0.00
1/10/2024 6:35,64.00,6,0.00
1/10/2024 6:40,63.70,6,0.00
1/10/2024 6:45,63.00,6,0.00
1/10/2024 6:50,62.70,6,0.00
1/10/2024 6:55,63.50,6,0.00
1/10/2024 7:00,64.70,6,0.00
1/10/2024 7:05,63.50,6,0.00
1/10/2024 7:10,63.80,6,0.00
1/10/2024 7:15,62.10,6,0.00
1/10/2024 7:20,61.10,6,0.00
1/10/2024 7:25,60.40,6,0.00
1/10/2024 7:30,59.60,6,0.00
1/10/2024 7:35,57.10,6,0.00
1/10/2024 7:40,56.80,6,0.00
1/10/2024 7:45,54.90,6,0.00
1/10/2024 7:50,54.90,6,0.00
1/10/2024 7:55,54.30,6,0.00
1/10/2024 8:00,54.50,6,0.00
1/10/2024 8:05,54.70,6,0.00
1/10/2024 8:10,53.90,6,0.00
1/10/2024 8:15,55.60,6,0.00
1/10/2024 8:20,57.90,6,0.00
1/10/2024 8:25,58.00,6,0.00
1/10/2024 8:30,60.90,6,0.00
1/10/2024 8:35,61.40,6,0.00
1/10/2024 8:40,61.40,6,0.00
1/10/2024 8:45,60.90,6,0.00
1/10/2024 8:50,59.70,6,0.00
1/10/2024 8:55,60.90,6,0.00
1/10/2024 9:00,63.10,6,0.00
1/10/2024 9:05,63.30,6,0.00
1/10/2024 9:10,63.80,6,0.00
1/10/2024 9:15,63.10,6,0.00
1/10/2024 9:20,62.30,6,0.00
1/10/2024 9:25,62.70,6,0.00
1/10/2024 9:30,63.50,6,0.00
1/10/2024 9:35,62.60,6,0.00
1/10/2024 9:40,63.00,6,0.00
1/10/2024 9:45,62.90,6,0.00
1/10/2024 9:50,62.50,6,0.00
1/10/2024 9:55,63.80,6,0.00
1/10/2024 10:00,63.60,6,0.00
1/10/2024 10:05,63.40,6,0.00
1/10/2024 10:10,64.50,6,0.00
1/10/2024 10:15,62.40,6,0.00
1/10/2024 10:20,63.40,6,0.00
1/10/2024 10:25,63.10,6,0.00
1/10/2024 10:30,63.20,6,0.00
1/10/2024 10:35,63.10,6,0.00
1/10/2024 10:40,62.80,6,0.00
1/10/2024 10:45,62.80,6,0.00
1/10/2024 10:50,61.90,6,0.00
1/10/2024 10:55,61.90,6,0.00
1/10/2024 11:00,63.20,6,0.00
1/10/2024 11:05,63.60,6,0.00
1/10/2024 11:10,64.60,6,0.00
1/10/2024 11:15,64.40,6,0.00
1/10/2024 11:20,64.40,6,0.00
1/10/2024 11:25,64.80,6,0.00
1/10/2024 11:30,64.30,6,0.00
1/10/2024 11:35,63.40,6,0.00
1/10/2024 11:40,62.90,6,0.00
1/10/2024 11:45,62.50,6,0.00
1/10/2024 11:50,60.00,6,0.00
1/10/2024 11:55,60.50,6,0.00
1/10/2024 12:00,60.60,6,0.00
1/10/2024 12:05,62.60,6,0.00
1/10/2024 12:10,62.50,6,0.00
1/10/2024 12:15,63.60,6,0.00
1/10/2024 12:20,63.40,6,0.00
1/10/2024 12:25,65.00,6,0.00
1/10/2024 12:30,65.40,6,0.00
1/10/2024 12:35,65.10,6,0.00
1/10/2024 12:40,64.80,6,0.00
1/10/2024 12:45,65.40,6,0.00
1/10/2024 12:50,65.50,6,0.00
1/10/2024 12:55,65.60,6,0.00
1/10/2024 13:00,65.40,6,0.00
1/10/2024 13:05,64.90,6,0.00
1/10/2024 13:10,64.50,6,0.00
1/10/2024 13:15,64.00,6,0.00
1/10/2024 13:20,64.90,6,0.00
1/10/2024 13:25,64.70,6,0.00
1/10/2024 13:30,64.20,6,0.00
1/10/2024 13:35,64.20,6,0.00
1/10/2024 13:40,65.40,6,0.00
1/10/2024 13:45,64.30,6,0.00
1/10/2024 13:50,65.20,6,0.00
1/10/2024 13:55,64.30,6,0.00
1/10/2024 14:00,64.70,6,0.00
1/10/2024 14:05,65.20,6,0.00
1/10/2024 14:10,65.20,6,0.00
1/10/2024 14:15,65.30,6,0.00
1/10/2024 14:20,65.50,6,0.00
1/10/2024 14:25,64.70,6,0.00
1/10/2024 14:30,66.40,6,0.00
1/10/2024 14:35,66.00,6,0.00
1/10/2024 14:40,65.60,6,0.00
1/10/2024 14:45,65.50,6,0.00
1/10/2024 14:50,64.00,6,0.00
1/10/2024 14:55,63.70,6,0.00
1/10/2024 15:00,65.00,6,0.00
1/10/2024 15:05,64.90,6,0.00
1/10/2024 15:10,65.70,6,0.00
1/10/2024 15:15,65.70,6,0.00
1/10/2024 15:20,65.20,6,0.00
1/10/2024 15:25,64.90,6,0.00
1/10/2024 15:30,65.60,6,0.00
1/10/2024 15:35,65.50,6,0.00
1/10/2024 15:40,65.80,6,0.00
1/10/2024 15:45,66.10,6,0.00
1/10/2024 15:50,66.70,6,0.00
1/10/2024 15:55,66.10,6,0.00
1/10/2024 16:00,66.50,6,0.00
1/10/2024 16:05,66.40,6,0.00
1/10/2024 16:10,65.40,6,0.00
1/10/2024 16:15,67.20,6,0.00
1/10/2024 16:20,66.30,6,0.00
1/10/2024 16:25,66.30,6,0.00
1/10/2024 16:30,66.80,6,0.00
1/10/2024 16:35,66.50,6,0.00
1/10/2024 16:40,66.10,6,0.00
1/10/2024 16:45,65.60,6,0.00
1/10/2024 16:50,65.10,6,0.00
1/10/2024 16:55,64.50,6,0.00
1/10/2024 17:00,65.20,6,0.00
1/10/2024 17:05,64.50,6,0.00
1/10/2024 17:10,64.40,6,0.00
1/10/2024 17:15,63.00,6,0.00
1/10/2024 17:20,63.40,6,0.00
1/10/2024 17:25,62.20,6,0.00
1/10/2024 17:30,61.70,6,0.00
1/10/2024 17:35,62.50,6,0.00
1/10/2024 17:40,63.10,6,0.00
1/10/2024 17:45,63.50,6,0.00
1/10/2024 17:50,63.80,6,0.00
1/10/2024 17:55,63.80,6,0.00
1/10/2024 18:00,64.80,6,0.00
1/10/2024 18:05,64.90,6,0.00
1/10/2024 18:10,64.50,6,0.00
1/10/2024 18:15,65.20,6,0.00
1/10/2024 18:20,65.60,6,0.00
1/10/2024 18:25,65.10,6,0.00
1/10/2024 18:30,64.00,6,0.00
1/10/2024 18:35,64.40,6,0.00
1/10/2024 18:40,65.40,6,0.00
1/10/2024 18:45,66.40,6,0.00
1/10/2024 18:50,66.20,6,0.00
1/10/2024 18:55,65.70,6,0.00
1/10/2024 19:00,66.00,6,0.00
1/10/2024 19:05,66.90,6,0.00
1/10/2024 19:10,65.80,6,0.00
1/10/2024 19:15,66.90,6,0.00
1/10/2024 19:20,67.20,6,0.00
1/10/2024 19:25,68.30,6,0.00
1/10/2024 19:30,68.10,6,0.00
1/10/2024 19:35,67.40,6,0.00
1/10/2024 19:40,67.20,6,0.00
1/10/2024 19:45,68.00,6,0.00
1/10/2024 19:50,68.10,6,0.00
1/10/2024 19:55,66.90,6,0.00
1/10/2024 20:00,67.50,6,0.00
1/10/2024 20:05,66.80,6,0.00
1/10/2024 20:10,69.20,6,0.00
1/10/2024 20:15,68.40,6,0.00
1/10/2024 20:20,68.10,6,0.00
1/10/2024 20:25,67.60,6,0.00
1/10/2024 20:30,67.70,6,0.00
1/10/2024 20:35,66.60,6,0.00
1/10/2024 20:40,68.00,6,0.00
1/10/2024 20:45,67.50,6,0.00
1/10/2024 20:50,67.50,6,0.00
1/10/2024 20:55,67.90,6,0.00
1/10/2024 21:00,67.80,6,0.00
1/10/2024 21:05,69.10,6,0.00
1/10/2024 21:10,69.20,6,0.00
1/10/2024 21:15,68.50,6,0.00
1/10/2024 21:20,69.60,6,0.00
1/10/2024 21:25,69.60,6,0.00
1/10/2024 21:30,69.60,6,0.00
1/10/2024 21:35,69.70,6,0.00
1/10/2024 21:40,68.60,6,0.00
1/10/2024 21:45,69.00,6,0.00
1/10/2024 21:50,70.00,6,0.00
1/10/2024 21:55,70.00,6,0.00
1/10/2024 22:00,70.30,6,0.00
1/10/2024 22:05,69.40,6,0.00
1/10/2024 22:10,69.00,6,0.00
1/10/2024 22:15,69.60,6,0.00
1/10/2024 22:20,69.50,6,0.00
1/10/2024 22:25,69.60,6,0.00
1/10/2024 22:30,69.40,6,0.00
1/10/2024 22:35,70.60,6,0.00
1/10/2024 22:40,69.60,6,0.00
1/10/2024 22:45,68.80,6,0.00
1/10/2024 22:50,69.50,6,0.00
1/10/2024 22:55,69.80,6,0.00
1/10/2024 23:00,69.50,6,0.00
1/10/2024 23:05,69.80,6,0.00
1/10/2024 23:10,69.20,6,0.00
1/10/2024 23:15,70.00,6,0.00
1/10/2024 23:20,69.30,6,0.00
1/10/2024 23:25,70.30,6,0.00
1/10/2024 23:30,70.10,6,0.00
1/10/2024 23:35,69.90,6,0.00
1/10/2024 23:40,69.90,6,0.00
1/10/2024 23:45,69.10,6,0.00
1/10/2024 23:50,69.00,6,0.00
1/10/2024 23:55,69.30,6,0.00
1/11/2024 0:00,69.90,6,0.00
1/11/2024 0:05,68.90,6,0.00
1/11/2024 0:10,68.60,6,0.00
1/11/2024 0:15,68.50,6,0.00
1/11/2024 0:20,68.40,6,0.00
1/11/2024 0:25,69.30,6,0.00
1/11/2024 0:30,70.20,6,0.00
1/11/2024 0:35,69.70,6,0.00
1/11/2024 0:40,69.60,6,0.00
1/11/2024 0:45,70.30,6,0.00
1/11/2024 0:50,69.30,6,0.00
1/11/2024 0:55,68.70,6,0.00
1/11/2024 1:00,68.70,6,0.00
1/11/2024 1:05,68.90,6,0.00
1/11/2024 1:10,69.20,6,0.00
1/11/2024 1:15,68.20,6,0.00
1/11/2024 1:20,69.40,6,0.00
1/11/2024 1:25,69.50,6,0.00
1/11/2024 1:30,69.80,6,0.00
1/11/2024 1:35,69.20,6,0.00
1/11/2024 1:40,69.10,6,0.00
1/11/2024 1:45,68.80,6,0.00
1/11/2024 1:50,69.50,6,0.00
1/11/2024 1:55,69.50,6,0.00
1/11/2024 2:00,69.00,6,0.00
1/11/2024 2:05,69.90,6,0.00
1/11/2024 2:10,69.90,6,0.00
1/11/2024 2:15,69.50,6,0.00
1/11/2024 2:20,69.90,6,0.00
1/11/2024 2:25,69.20,6,0.00
1/11/2024 2:30,69.70,6,0.00
1/11/2024 2:35,70.60,6,0.00
1/11/2024 2:40,70.20,6,0.00
1/11/2024 2:45,70.30,6,0.00
1/11/2024 2:50,70.50,6,0.00
1/11/2024 2:55,71.30,6,0.00
1/11/2024 3:00,70.20,6,0.00
1/11/2024 3:05,70.10,6,0.00
1/11/2024 3:10,69.60,6,0.00
1/11/2024 3:15,69.60,6,0.00
1/11/2024 3:20,70.00,6,0.00
1/11/2024 3:25,71.40,6,0.00
1/11/2024 3:30,70.50,6,0.00
1/11/2024 3:35,70.80,6,0.00
1/11/2024 3:40,70.50,6,0.00
1/11/2024 3:45,71.10,6,0.00
1/11/2024 3:50,71.30,6,0.00
1/11/2024 3:55,71.20,6,0.00
1/11/2024 4:00,71.20,6,0.00
1/11/2024 4:05,70.20,6,0.00
1/11/2024 4:10,71.10,6,0.00
1/11/2024 4:15,70.80,6,0.00
1/11/2024 4:20,70.90,6,0.00
1/11/2024 4:25,70.20,6,0.00
1/11/2024 4:30,70.10,6,0.00
1/11/2024 4:35,70.30,6,0.00
1/11/2024 4:40,69.70,6,0.00
1/11/2024 4:45,70.60,6,0.00
1/11/2024 4:50,70.50,6,0.00
1/11/2024 4:55,70.50,6,0.00
1/11/2024 5:00,70.50,6,0.00
1/11/2024 5:05,70.40,6,0.00
1/11/2024 5:10,71.40,6,0.00
1/11/2024 5:15,70.70,6,0.00
1/11/2024 5:20,71.30,6,0.00
1/11/2024 5:25,70.30,6,0.00
1/11/2024 5:30,70.40,6,0.00
1/11/2024 5:35,70.20,6,0.00
1/11/2024 5:40,70.00,6,0.00
1/11/2024 5:45,68.60,6,0.00
1/11/2024 5:50,69.30,6,0.00
1/11/2024 5:55,69.40,6,0.00
1/11/2024 6:00,68.70,6,0.00
1/11/2024 6:05,68.80,6,0.00
1/11/2024 6:10,67.50,6,0.00
1/11/2024 6:15,66.30,6,0.00
1/11/2024 6:20,66.20,6,0.00
1/11/2024 6:25,65.80,6,0.00
1/11/2024 6:30,65.50,6,0.00
1/11/2024 6:35,64.50,6,0.00
1/11/2024 6:40,64.00,6,0.00
1/11/2024 6:45,63.70,6,0.00
1/11/2024 6:50,64.50,6,0.00
1/11/2024 6:55,64.10,6,0.00
1/11/2024 7:00,65.00,6,0.00
1/11/2024 7:05,65.50,6,0.00
1/11/2024 7:10,64.90,6,0.00
1/11/2024 7:15,64.40,6,0.00
1/11/2024 7:20,63.70,6,0.00
1/11/2024 7:25,60.40,6,0.00
1/11/2024 7:30,59.80,6,0.00
1/11/2024 7:35,60.10,6,0.00
1/11/2024 7:40,59.40,6,0.00
1/11/2024 7:45,58.10,6,0.00
1/11/2024 7:50,59.80,6,0.00
1/11/2024 7:55,59.10,6,0.00
1/11/2024 8:00,59.40,6,0.00
1/11/2024 8:05,61.20,6,0.00
1/11/2024 8:10,62.70,6,0.00
1/11/2024 8:15,62.70,6,0.00
1/11/2024 8:20,63.20,6,0.00
1/11/2024 8:25,63.90,6,0.00
1/11/2024 8:30,62.90,6,0.00
1/11/2024 8:35,62.90,6,0.00
1/11/2024 8:40,62.00,6,0.00
1/11/2024 8:45,60.90,6,0.00
1/11/2024 8:50,60.50,6,0.00
1/11/2024 8:55,61.90,6,0.00
1/11/2024 9:00,62.60,6,0.00
1/11/2024 9:05,63.00,6,0.00
1/11/2024 9:10,61.70,6,0.00
1/11/2024 9:15,62.00,6,0.00
1/11/2024 9:20,61.90,6,0.00
1/11/2024 9:25,63.20,6,0.00
1/11/2024 9:30,62.40,6,0.00
1/11/2024 9:35,62.10,6,0.00
1/11/2024 9:40,60.60,6,0.00
1/11/2024 9:45,60.60,6,0.00
1/11/2024 9:50,56.50,6,0.00
1/11/2024 9:55,56.30,6,0.00
1/11/2024 10:00,56.70,6,0.00
1/11/2024 10:05,57.80,6,0.00
1/11/2024 10:10,58.90,6,0.00
1/11/2024 10:15,59.10,6,0.00
1/11/2024 10:20,57.60,6,0.00
1/11/2024 10:25,58.40,6,0.00
1/11/2024 10:30,58.40,6,0.00
1/11/2024 10:35,58.00,6,0.00
1/11/2024 10:40,58.10,6,0.00
1/11/2024 10:45,56.90,6,0.00
1/11/2024 10:50,57.60,6,0.00
1/11/2024 10:55,58.10,6,0.00
1/11/2024 11:00,59.20,6,0.00
1/11/2024 11:05,58.70,6,0.00
1/11/2024 11:10,59.40,6,0.00
1/11/2024 11:15,60.50,6,0.00
1/11/2024 11:20,57.70,6,0.00
1/11/2024 11:25,56.30,6,0.00
1/11/2024 11:30,55.50,6,0.00
1/11/2024 11:35,56.00,6,0.00
1/11/2024 11:40,56.70,6,0.00
1/11/2024 11:45,56.30,6,0.00
1/11/2024 11:50,57.30,6,0.00
1/11/2024 11:55,57.40,6,0.00
1/11/2024 12:00,58.70,6,0.00
1/11/2024 12:05,58.50,6,0.00
1/11/2024 12:10,58.50,6,0.00
1/11/2024 12:15,61.00,6,0.00
1/11/2024 12:20,60.60,6,0.00
1/11/2024 12:25,61.90,6,0.00
1/11/2024 12:30,61.40,6,0.00
1/11/2024 12:35,61.70,6,0.00
1/11/2024 12:40,63.00,6,0.00
1/11/2024 12:45,61.20,6,0.00
1/11/2024 12:50,60.60,6,0.00
1/11/2024 12:55,61.50,6,0.00
1/11/2024 13:00,62.30,6,0.00
1/11/2024 13:05,63.10,6,0.00
1/11/2024 13:10,64.00,6,0.00
1/11/2024 13:15,63.50,6,0.00
1/11/2024 13:20,63.40,6,0.00
1/11/2024 13:25,64.40,6,0.00
1/11/2024 13:30,64.20,6,0.00
1/11/2024 13:35,64.10,6,0.00
1/11/2024 13:40,63.40,6,0.00
1/11/2024 13:45,63.20,6,0.00
1/11/2024 13:50,63.40,6,0.00
1/11/2024 13:55,64.50,6,0.00
1/11/2024 14:00,63.90,6,0.00
1/11/2024 14:05,63.70,6,0.00
1/11/2024 14:10,64.40,6,0.00
1/11/2024 14:15,63.80,6,0.00
1/11/2024 14:20,65.10,6,0.00
1/11/2024 14:25,64.50,6,0.00
1/11/2024 14:30,63.90,6,0.00
1/11/2024 14:35,63.40,6,0.00
1/11/2024 14:40,63.10,6,0.00
1/11/2024 14:45,63.20,6,0.00
1/11/2024 14:50,64.10,6,0.00
1/11/2024 14:55,64.40,6,0.00
1/11/2024 15:00,64.90,6,0.00
1/11/2024 15:05,65.30,6,0.00
1/11/2024 15:10,64.10,6,0.00
1/11/2024 15:15,65.00,6,0.00
1/11/2024 15:20,64.20,6,0.00
1/11/2024 15:25,63.50,6,0.00
1/11/2024 15:30,65.20,6,0.00
1/11/2024 15:35,64.90,6,0.00
1/11/2024 15:40,64.20,6,0.00
1/11/2024 15:45,64.80,6,0.00
1/11/2024 15:50,64.00,6,0.00
1/11/2024 15:55,63.90,6,0.00
1/11/2024 16:00,64.70,6,0.00
1/11/2024 16:05,64.20,6,0.00
1/11/2024 16:10,65.20,6,0.00
1/11/2024 16:15,64.00,6,0.00
1/11/2024 16:20,65.20,6,0.00
1/11/2024 16:25,64.70,6,0.00
1/11/2024 16:30,65.10,6,0.00
1/11/2024 16:35,65.00,6,0.00
1/11/2024 16:40,65.80,6,0.00
1/11/2024 16:45,64.70,6,0.00
1/11/2024 16:50,64.10,6,0.00
1/11/2024 16:55,63.80,6,0.00
1/11/2024 17:00,64.90,6,0.00
1/11/2024 17:05,64.30,6,0.00
1/11/2024 17:10,63.30,6,0.00
1/11/2024 17:15,63.60,6,0.00
1/11/2024 17:20,62.20,6,0.00
1/11/2024 17:25,61.50,6,0.00
1/11/2024 17:30,60.10,6,0.00
1/11/2024 17:35,60.10,6,0.00
1/11/2024 17:40,59.70,6,0.00
1/11/2024 17:45,61.90,6,0.00
1/11/2024 17:50,62.80,6,0.00
1/11/2024 17:55,63.70,6,0.00
1/11/2024 18:00,64.10,6,0.00
1/11/2024 18:05,64.40,6,0.00
1/11/2024 18:10,63.70,6,0.00
1/11/2024 18:15,62.70,6,0.00
1/11/2024 18:20,63.20,6,0.00
1/11/2024 18:25,64.30,6,0.00
1/11/2024 18:30,64.80,6,0.00
1/11/2024 18:35,64.50,6,0.00
1/11/2024 18:40,63.80,6,0.00
1/11/2024 18:45,65.00,6,0.00
1/11/2024 18:50,64.80,6,0.00
1/11/2024 18:55,64.50,6,0.00
1/11/2024 19:00,66.00,6,0.00
1/11/2024 19:05,66.80,6,0.00
1/11/2024 19:10,67.10,6,0.00
1/11/2024 19:15,67.40,6,0.00
1/11/2024 19:20,67.10,6,0.00
1/11/2024 19:25,67.00,6,0.00
1/11/2024 19:30,67.00,6,0.00
1/11/2024 19:35,66.40,6,0.00
1/11/2024 19:40,65.80,6,0.00
1/11/2024 19:45,65.70,6,0.00
1/11/2024 19:50,66.70,6,0.00
1/11/2024 19:55,67.50,6,0.00
1/11/2024 20:00,67.50,6,0.00
1/11/2024 20:05,67.20,6,0.00
1/11/2024 20:10,67.70,6,0.00
1/11/2024 20:15,67.50,6,0.00
1/11/2024 20:20,67.70,6,0.00
1/11/2024 20:25,67.40,6,0.00
1/11/2024 20:30,67.20,6,0.00
1/11/2024 20:35,67.80,6,0.00
1/11/2024 20:40,69.20,6,0.00
1/11/2024 20:45,67.50,6,0.00
1/11/2024 20:50,67.80,6,0.00
1/11/2024 20:55,66.90,6,0.00
1/11/2024 21:00,67.70,6,0.00
1/11/2024 21:05,68.50,6,0.00
1/11/2024 21:10,68.80,6,0.00
1/11/2024 21:15,68.90,6,0.00
1/11/2024 21:20,69.20,6,0.00
1/11/2024 21:25,69.10,6,0.00
1/11/2024 21:30,69.80,6,0.00
1/11/2024 21:35,69.80,6,0.00
1/11/2024 21:40,70.20,6,0.00
1/11/2024 21:45,69.90,6,0.00
1/11/2024 21:50,69.50,6,0.00
1/11/2024 21:55,69.30,6,0.00
1/11/2024 22:00,68.70,6,0.00
1/11/2024 22:05,68.60,6,0.00
1/11/2024 22:10,68.70,6,0.00
1/11/2024 22:15,69.10,6,0.00
1/11/2024 22:20,67.90,6,0.00
1/11/2024 22:25,68.60,6,0.00
1/11/2024 22:30,68.80,6,0.00
1/11/2024 22:35,69.80,6,0.00
1/11/2024 22:40,69.40,6,0.00
1/11/2024 22:45,69.30,6,0.00
1/11/2024 22:50,69.90,6,0.00
1/11/2024 22:55,69.90,6,0.00
1/11/2024 23:00,70.10,6,0.00
1/11/2024 23:05,69.30,6,0.00
1/11/2024 23:10,69.20,6,0.00
1/11/2024 23:15,69.70,6,0.00
1/11/2024 23:20,68.90,6,0.00
1/11/2024 23:25,69.00,6,0.00
1/11/2024 23:30,68.90,6,0.00
1/11/2024 23:35,69.40,6,0.00
1/11/2024 23:40,69.00,6,0.00
1/11/2024 23:45,69.60,6,0.00
1/11/2024 23:50,69.30,6,0.00
1/11/2024 23:55,69.60,6,0.00
1/12/2024 0:00,69.10,6,0.00
1/12/2024 0:05,68.70,6,0.00
1/12/2024 0:10,68.90,6,0.00
1/12/2024 0:15,65.10,6,0.00
1/12/2024 0:20,68.50,6,0.00
1/12/2024 0:25,68.10,6,0.00
1/12/2024 0:30,68.00,6,0.00
1/12/2024 0:35,68.20,6,0.00
1/12/2024 0:40,68.30,6,0.00
1/12/2024 0:45,67.60,6,0.00
1/12/2024 0:50,67.60,6,0.00
1/12/2024 0:55,68.10,6,0.00
1/12/2024 1:00,70.20,6,0.00
1/12/2024 1:05,69.00,6,0.00
1/12/2024 1:10,69.30,6,0.00
1/12/2024 1:15,68.50,6,0.00
1/12/2024 1:20,68.20,6,0.00
1/12/2024 1:25,69.70,6,0.00
1/12/2024 1:30,69.30,6,0.00
1/12/2024 1:35,70.10,6,0.00
1/12/2024 1:40,69.20,6,0.00
1/12/2024 1:45,69.40,6,0.00
1/12/2024 1:50,69.60,6,0.00
1/12/2024 1:55,69.50,6,0.00
1/12/2024 2:00,69.40,6,0.00
1/12/2024 2:05,69.80,6,0.00
1/12/2024 2:10,70.10,6,0.00
1/12/2024 2:15,70.30,6,0.00
1/12/2024 2:20,70.00,6,0.00
1/12/2024 2:25,70.10,6,0.00
1/12/2024 2:30,70.60,6,0.00
1/12/2024 2:35,70.80,6,0.00
1/12/2024 2:40,70.40,6,0.00
1/12/2024 2:45,70.60,6,0.00
1/12/2024 2:50,70.50,6,0.00
1/12/2024 2:55,70.50,6,0.00
1/12/2024 3:00,70.70,6,0.00
1/12/2024 3:05,70.20,6,0.00
1/12/2024 3:10,70.20,6,0.00
1/12/2024 3:15,70.70,6,0.00
1/12/2024 3:20,70.70,6,0.00
1/12/2024 3:25,70.10,6,0.00
1/12/2024 3:30,70.40,6,0.00
1/12/2024 3:35,71.60,6,0.00
1/12/2024 3:40,71.10,6,0.00
1/12/2024 3:45,71.50,6,0.00
1/12/2024 3:50,71.90,6,0.00
1/12/2024 3:55,70.40,6,0.00
1/12/2024 4:00,71.40,6,0.00
1/12/2024 4:05,71.10,6,0.00
1/12/2024 4:10,70.90,6,0.00
1/12/2024 4:15,70.60,6,0.00
1/12/2024 4:20,69.90,6,0.00
1/12/2024 4:25,70.40,6,0.00
1/12/2024 4:30,70.70,6,0.00
1/12/2024 4:35,70.60,6,0.00
1/12/2024 4:40,71.00,6,0.00
1/12/2024 4:45,70.80,6,0.00
1/12/2024 4:50,70.80,6,0.00
1/12/2024 4:55,70.70,6,0.00
1/12/2024 5:00,70.40,6,0.00
1/12/2024 5:05,71.30,6,0.00
1/12/2024 5:10,71.30,6,0.00
1/12/2024 5:15,72.00,6,0.00
1/12/2024 5:20,71.70,6,0.00
1/12/2024 5:25,72.20,6,0.00
1/12/2024 5:30,71.90,6,0.00
1/12/2024 5:35,71.30,6,0.00
1/12/2024 5:40,70.30,6,0.00
1/12/2024 5:45,70.50,6,0.00
1/12/2024 5:50,70.00,6,0.00
1/12/2024 5:55,70.00,6,0.00
1/12/2024 6:00,69.10,6,0.00
1/12/2024 6:05,69.30,6,0.00
1/12/2024 6:10,68.60,6,0.00
1/12/2024 6:15,67.30,6,0.00
1/12/2024 6:20,67.60,6,0.00
1/12/2024 6:25,66.70,6,0.00
1/12/2024 6:30,67.00,6,0.00
1/12/2024 6:35,67.00,6,0.00
1/12/2024 6:40,65.90,6,0.00
1/12/2024 6:45,65.80,6,0.00
1/12/2024 6:50,66.30,6,0.00
1/12/2024 6:55,66.80,6,0.00
1/12/2024 7:00,67.10,6,0.00
1/12/2024 7:05,67.30,6,0.00
1/12/2024 7:10,68.50,6,0.00
1/12/2024 7:15,68.40,6,0.00
1/12/2024 7:20,67.10,6,0.00
1/12/2024 7:25,66.90,6,0.00
1/12/2024 7:30,65.70,6,0.00
1/12/2024 7:35,66.10,6,0.00
1/12/2024 7:40,66.50,6,0.00
1/12/2024 7:45,65.80,6,0.00
1/12/2024 7:50,65.50,6,0.00
1/12/2024 7:55,65.60,6,0.00
1/12/2024 8:00,65.70,6,0.00
1/12/2024 8:05,65.60,6,0.00
1/12/2024 8:10,66.20,6,0.00
1/12/2024 8:15,67.10,6,0.00
1/12/2024 8:20,66.90,6,0.00
1/12/2024 8:25,65.60,6,0.00
1/12/2024 8:30,65.30,6,0.00
1/12/2024 8:35,64.10,6,0.00
1/12/2024 8:40,63.60,6,0.00
1/12/2024 8:45,63.70,6,0.00
1/12/2024 8:50,63.00,6,0.00
1/12/2024 8:55,63.30,6,0.00
1/12/2024 9:00,64.70,6,0.00
1/12/2024 9:05,64.90,6,0.00
1/12/2024 9:10,64.50,6,0.00
1/12/2024 9:15,63.90,6,0.00
1/12/2024 9:20,64.70,6,0.00
1/12/2024 9:25,65.10,6,0.00
1/12/2024 9:30,63.90,6,0.00
1/12/2024 9:35,64.20,6,0.00
1/12/2024 9:40,63.80,6,0.00
1/12/2024 9:45,63.80,6,0.00
1/12/2024 9:50,64.10,6,0.00
1/12/2024 9:55,63.90,6,0.00
1/12/2024 10:00,64.10,6,0.00
1/12/2024 10:05,63.10,6,0.00
1/12/2024 10:10,64.10,6,0.00
1/12/2024 10:15,63.50,6,0.00
1/12/2024 10:20,63.70,6,0.00
1/12/2024 10:25,63.60,6,0.00
1/12/2024 10:30,64.50,6,0.00
1/12/2024 10:35,64.90,6,0.00
1/12/2024 10:40,64.50,6,0.00
1/12/2024 10:45,64.20,6,0.00
1/12/2024 10:50,63.60,6,0.00
1/12/2024 10:55,64.20,6,0.00
1/12/2024 11:00,63.80,6,0.00
1/12/2024 11:05,63.50,6,0.00
1/12/2024 11:10,64.20,6,0.00
1/12/2024 11:15,64.60,6,0.00
1/12/2024 11:20,64.80,6,0.00
1/12/2024 11:25,65.00,6,0.00
1/12/2024 11:30,65.00,6,0.00
1/12/2024 11:35,63.80,6,0.00
1/12/2024 11:40,63.00,6,0.00
1/12/2024 11:45,62.90,6,0.00
1/12/2024 11:50,63.20,6,0.00
1/12/2024 11:55,64.30,6,0.00
1/12/2024 12:00,64.70,6,0.00
1/12/2024 12:05,64.90,6,0.00
1/12/2024 12:10,64.90,6,0.00
1/12/2024 12:15,63.50,6,0.00
1/12/2024 12:20,63.20,6,0.00
1/12/2024 12:25,64.00,6,0.00
1/12/2024 12:30,63.80,6,0.00
1/12/2024 12:35,61.90,6,0.00
1/12/2024 12:40,62.20,6,0.00
1/12/2024 12:45,62.90,6,0.00
1/12/2024 12:50,64.60,6,0.00
1/12/2024 12:55,64.80,6,0.00
1/12/2024 13:00,65.60,6,0.00
1/12/2024 13:05,66.10,6,0.00
1/12/2024 13:10,66.00,6,0.00
1/12/2024 13:15,65.30,6,0.00
1/12/2024 13:20,66.10,6,0.00
1/12/2024 13:25,65.60,6,0.00
1/12/2024 13:30,65.20,6,0.00
1/12/2024 13:35,66.10,6,0.00
1/12/2024 13:40,65.30,6,0.00
1/12/2024 13:45,65.40,6,0.00
1/12/2024 13:50,65.40,6,0.00
1/12/2024 13:55,65.60,6,0.00
1/12/2024 14:00,66.20,6,0.00
1/12/2024 14:05,66.30,6,0.00
1/12/2024 14:10,67.50,6,0.00
1/12/2024 14:15,66.50,6,0.00
1/12/2024 14:20,66.90,6,0.00
1/12/2024 14:25,67.00,6,0.00
1/12/2024 14:30,66.60,6,0.00
1/12/2024 14:35,66.70,6,0.00
1/12/2024 14:40,65.90,6,0.00
1/12/2024 14:45,65.00,6,0.00
1/12/2024 14:50,63.10,6,0.00
1/12/2024 14:55,65.30,6,0.00
1/12/2024 15:00,66.80,6,0.00
1/12/2024 15:05,67.60,6,0.00
1/12/2024 15:10,67.40,6,0.00
1/12/2024 15:15,68.00,6,0.00
1/12/2024 15:20,67.60,6,0.00
1/12/2024 15:25,68.20,6,0.00
1/12/2024 15:30,67.10,6,0.00
1/12/2024 15:35,67.00,6,0.00
1/12/2024 15:40,67.20,6,0.00
1/12/2024 15:45,66.10,6,0.00
1/12/2024 15:50,67.40,6,0.00
1/12/2024 15:55,67.00,6,0.00
1/12/2024 16:00,68.50,6,0.00
1/12/2024 16:05,68.70,6,0.00
1/12/2024 16:10,68.80,6,0.00
1/12/2024 16:15,68.50,6,0.00
1/12/2024 16:20,68.50,6,0.00
1/12/2024 16:25,67.90,6,0.00
1/12/2024 16:30,68.10,6,0.00
1/12/2024 16:35,68.10,6,0.00
1/12/2024 16:40,67.30,6,0.00
1/12/2024 16:45,66.60,6,0.00
1/12/2024 16:50,67.00,6,0.00
1/12/2024 16:55,66.10,6,0.00
1/12/2024 17:00,67.10,6,0.00
1/12/2024 17:05,67.00,6,0.00
1/12/2024 17:10,65.70,6,0.00
1/12/2024 17:15,65.20,6,0.00
1/12/2024 17:20,63.20,6,0.00
1/12/2024 17:25,64.00,6,0.00
1/12/2024 17:30,64.50,6,0.00
1/12/2024 17:35,64.70,6,0.00
1/12/2024 17:40,63.50,6,0.00
1/12/2024 17:45,63.70,6,0.00
1/12/2024 17:50,63.60,6,0.00
1/12/2024 17:55,64.90,6,0.00
1/12/2024 18:00,63.00,6,0.00
1/12/2024 18:05,64.50,6,0.00
1/12/2024 18:10,65.40,6,0.00
1/12/2024 18:15,66.10,6,0.00
1/12/2024 18:20,65.50,6,0.00
1/12/2024 18:25,66.40,6,0.00
1/12/2024 18:30,67.60,6,0.00
1/12/2024 18:35,66.80,6,0.00
1/12/2024 18:40,66.80,6,0.00
1/12/2024 18:45,66.60,6,0.00
1/12/2024 18:50,65.40,6,0.00
1/12/2024 18:55,66.40,6,0.00
1/12/2024 19:00,66.30,6,0.00
1/12/2024 19:05,67.00,6,0.00
1/12/2024 19:10,66.00,6,0.00
1/12/2024 19:15,67.50,6,0.00
1/12/2024 19:20,67.50,6,0.00
1/12/2024 19:25,67.40,6,0.00
1/12/2024 19:30,68.00,6,0.00
1/12/2024 19:35,67.60,6,0.00
1/12/2024 19:40,68.20,6,0.00
1/12/2024 19:45,68.70,6,0.00
1/12/2024 19:50,69.30,6,0.00
1/12/2024 19:55,67.50,6,0.00
1/12/2024 20:00,69.00,6,0.00
1/12/2024 20:05,68.40,6,0.00
1/12/2024 20:10,68.80,6,0.00
1/12/2024 20:15,68.90,6,0.00
1/12/2024 20:20,69.10,6,0.00
1/12/2024 20:25,69.20,6,0.00
1/12/2024 20:30,69.00,6,0.00
1/12/2024 20:35,68.90,6,0.00
1/12/2024 20:40,70.00,6,0.00
1/12/2024 20:45,70.20,6,0.00
1/12/2024 20:50,70.90,6,0.00
1/12/2024 20:55,70.70,6,0.00
1/12/2024 21:00,68.80,6,0.00
1/12/2024 21:05,69.30,6,0.00
1/12/2024 21:10,69.20,6,0.00
1/12/2024 21:15,69.70,6,0.00
1/12/2024 21:20,69.20,6,0.00
1/12/2024 21:25,69.50,6,0.00
1/12/2024 21:30,69.40,6,0.00
1/12/2024 21:35,69.50,6,0.00
1/12/2024 21:40,70.10,6,0.00
1/12/2024 21:45,69.80,6,0.00
1/12/2024 21:50,70.50,6,0.00
1/12/2024 21:55,69.90,6,0.00
1/12/2024 22:00,70.90,6,0.00
1/12/2024 22:05,70.60,6,0.00
1/12/2024 22:10,70.20,6,0.00
1/12/2024 22:15,69.80,6,0.00
1/12/2024 22:20,69.90,6,0.00
1/12/2024 22:25,69.20,6,0.00
1/12/2024 22:30,70.80,6,0.00
1/12/2024 22:35,70.50,6,0.00
1/12/2024 22:40,70.90,6,0.00
1/12/2024 22:45,70.10,6,0.00
1/12/2024 22:50,70.00,6,0.00
1/12/2024 22:55,69.90,6,0.00
1/12/2024 23:00,69.10,6,0.00
1/12/2024 23:05,69.30,6,0.00
1/12/2024 23:10,69.00,6,0.00
1/12/2024 23:15,69.50,6,0.00
1/12/2024 23:20,69.10,6,0.00
1/12/2024 23:25,69.90,6,0.00
1/12/2024 23:30,69.60,6,0.00
1/12/2024 23:35,69.10,6,0.00
1/12/2024 23:40,69.70,6,0.00
1/12/2024 23:45,70.70,6,0.00
1/12/2024 23:50,69.80,6,0.00
1/12/2024 23:55,70.50,6,0.00
1/13/2024 0:00,70.50,6,0.00
1/13/2024 0:05,69.70,6,0.00
1/13/2024 0:10,69.00,6,0.00
1/13/2024 0:15,69.90,6,0.00
1/13/2024 0:20,69.90,6,0.00
1/13/2024 0:25,69.00,6,0.00
1/13/2024 0:30,69.40,6,0.00
1/13/2024 0:35,70.30,6,0.00
1/13/2024 0:40,69.40,6,0.00
1/13/2024 0:45,69.30,6,0.00
1/13/2024 0:50,68.30,6,0.00
1/13/2024 0:55,69.70,6,0.00
1/13/2024 1:00,68.30,6,0.00
1/13/2024 1:05,68.50,6,0.00
1/13/2024 1:10,69.70,6,0.00
1/13/2024 1:15,68.90,6,0.00
1/13/2024 1:20,68.70,6,0.00
1/13/2024 1:25,69.70,6,0.00
1/13/2024 1:30,69.70,6,0.00
1/13/2024 1:35,68.70,6,0.00
1/13/2024 1:40,69.40,6,0.00
1/13/2024 1:45,68.70,6,0.00
1/13/2024 1:50,68.60,6,0.00
1/13/2024 1:55,69.30,6,0.00
1/13/2024 2:00,69.20,6,0.00
1/13/2024 2:05,70.30,6,0.00
1/13/2024 2:10,69.40,6,0.00
1/13/2024 2:15,69.60,6,0.00
1/13/2024 2:20,69.30,6,0.00
1/13/2024 2:25,70.00,6,0.00
1/13/2024 2:30,70.30,6,0.00
1/13/2024 2:35,69.70,6,0.00
1/13/2024 2:40,70.30,6,0.00
1/13/2024 2:45,69.10,6,0.00
1/13/2024 2:50,70.40,6,0.00
1/13/2024 2:55,70.40,6,0.00
1/13/2024 3:00,70.30,6,0.00
1/13/2024 3:05,69.90,6,0.00
1/13/2024 3:10,70.40,6,0.00
1/13/2024 3:15,70.00,6,0.00
1/13/2024 3:20,71.40,6,0.00
1/13/2024 3:25,71.00,6,0.00
1/13/2024 3:30,70.60,6,0.00
1/13/2024 3:35,70.20,6,0.00
1/13/2024 3:40,70.90,6,0.00
1/13/2024 3:45,70.30,6,0.00
1/13/2024 3:50,70.60,6,0.00
1/13/2024 3:55,70.10,6,0.00
1/13/2024 4:00,70.10,6,0.00
1/13/2024 4:05,70.70,6,0.00
1/13/2024 4:10,70.20,6,0.00
1/13/2024 4:15,70.80,6,0.00
1/13/2024 4:20,71.00,6,0.00
1/13/2024 4:25,71.00,6,0.00
1/13/2024 4:30,71.00,6,0.00
1/13/2024 4:35,70.40,6,0.00
1/13/2024 4:40,71.00,6,0.00
1/13/2024 4:45,69.60,6,0.00
1/13/2024 4:50,69.20,6,0.00
1/13/2024 4:55,70.40,6,0.00
1/13/2024 5:00,71.00,6,0.00
1/13/2024 5:05,70.60,6,0.00
1/13/2024 5:10,70.30,6,0.00
1/13/2024 5:15,71.20,6,0.00
1/13/2024 5:20,71.50,6,0.00
1/13/2024 5:25,71.40,6,0.00
1/13/2024 5:30,70.90,6,0.00
1/13/2024 5:35,70.90,6,0.00
1/13/2024 5:40,70.60,6,0.00
1/13/2024 5:45,69.90,6,0.00
1/13/2024 5:50,69.90,6,0.00
1/13/2024 5:55,69.20,6,0.00
1/13/2024 6:00,71.10,6,0.00
1/13/2024 6:05,70.70,6,0.00
1/13/2024 6:10,70.40,6,0.00
1/13/2024 6:15,70.60,6,0.00
1/13/2024 6:20,68.20,6,0.00
1/13/2024 6:25,68.40,6,0.00
1/13/2024 6:30,70.20,6,0.00
1/13/2024 6:35,69.30,6,0.00
1/13/2024 6:40,69.50,6,0.00
1/13/2024 6:45,69.90,6,0.00
1/13/2024 6:50,71.40,6,0.00
1/13/2024 6:55,70.40,6,0.00
1/13/2024 7:00,70.90,6,0.00
1/13/2024 7:05,70.60,6,0.00
1/13/2024 7:10,70.50,6,0.00
1/13/2024 7:15,71.30,6,0.00
1/13/2024 7:20,71.00,6,0.00
1/13/2024 7:25,70.90,6,0.00
1/13/2024 7:30,71.20,6,0.00
1/13/2024 7:35,71.20,6,0.00
1/13/2024 7:40,68.80,6,0.00
1/13/2024 7:45,69.00,6,0.00
1/13/2024 7:50,68.50,6,0.00
1/13/2024 7:55,69.20,6,0.00
1/13/2024 8:00,68.90,6,0.00
1/13/2024 8:05,68.50,6,0.00
1/13/2024 8:10,69.00,6,0.00
1/13/2024 8:15,69.60,6,0.00
1/13/2024 8:20,69.00,6,0.00
1/13/2024 8:25,69.60,6,0.00
1/13/2024 8:30,70.10,6,0.00
1/13/2024 8:35,69.40,6,0.00
1/13/2024 8:40,68.50,6,0.00
1/13/2024 8:45,68.50,6,0.00
1/13/2024 8:50,68.10,6,0.00
1/13/2024 8:55,69.10,6,0.00
1/13/2024 9:00,68.20,6,0.00
1/13/2024 9:05,68.30,6,0.00
1/13/2024 9:10,69.20,6,0.00
1/13/2024 9:15,69.30,6,0.00
1/13/2024 9:20,68.60,6,0.00
1/13/2024 9:25,68.80,6,0.00
1/13/2024 9:30,69.00,6,0.00
1/13/2024 9:35,67.40,6,0.00
1/13/2024 9:40,68.20,6,0.00
1/13/2024 9:45,67.80,6,0.00
1/13/2024 9:50,67.60,6,0.00
1/13/2024 9:55,67.10,6,0.00
1/13/2024 10:00,65.80,6,0.00
1/13/2024 10:05,67.40,6,0.00
1/13/2024 10:10,67.00,6,0.00
1/13/2024 10:15,66.90,6,0.00
1/13/2024 10:20,66.80,6,0.00
1/13/2024 10:25,68.30,6,0.00
1/13/2024 10:30,67.80,6,0.00
1/13/2024 10:35,66.60,6,0.00
1/13/2024 10:40,67.30,6,0.00
1/13/2024 10:45,66.60,6,0.00
1/13/2024 10:50,68.00,6,0.00
1/13/2024 10:55,68.00,6,0.00
1/13/2024 11:00,67.70,6,0.00
1/13/2024 11:05,67.40,6,0.00
1/13/2024 11:10,66.80,6,0.00
1/13/2024 11:15,66.30,6,0.00
1/13/2024 11:20,65.80,6,0.00
1/13/2024 11:25,66.90,6,0.00
1/13/2024 11:30,66.20,6,0.00
1/13/2024 11:35,66.60,6,0.00
1/13/2024 11:40,66.30,6,0.00
1/13/2024 11:45,67.00,6,0.00
1/13/2024 11:50,66.40,6,0.00
1/13/2024 11:55,68.40,6,0.00
1/13/2024 12:00,68.30,6,0.00
1/13/2024 12:05,68.60,6,0.00
1/13/2024 12:10,67.30,6,0.00
1/13/2024 12:15,68.30,6,0.00
1/13/2024 12:20,66.70,6,0.00
1/13/2024 12:25,66.00,6,0.00
1/13/2024 12:30,66.40,6,0.00
1/13/2024 12:35,66.90,6,0.00
1/13/2024 12:40,66.50,6,0.00
1/13/2024 12:45,66.90,6,0.00
1/13/2024 12:50,68.20,6,0.00
1/13/2024 12:55,67.30,6,0.00
1/13/2024 13:00,66.00,6,0.00
1/13/2024 13:05,67.90,6,0.00
1/13/2024 13:10,66.70,6,0.00
1/13/2024 13:15,67.60,6,0.00
1/13/2024 13:20,67.00,6,0.00
1/13/2024 13:25,66.90,6,0.00
1/13/2024 13:30,66.40,6,0.00
1/13/2024 13:35,66.20,6,0.00
1/13/2024 13:40,66.70,6,0.00
1/13/2024 13:45,66.70,6,0.00
1/13/2024 13:50,66.70,6,0.00
1/13/2024 13:55,65.70,6,0.00
1/13/2024 14:00,66.80,6,0.00
1/13/2024 14:05,68.20,6,0.00
1/13/2024 14:10,66.50,6,0.00
1/13/2024 14:15,66.90,6,0.00
1/13/2024 14:20,67.10,6,0.00
1/13/2024 14:25,66.90,6,0.00
1/13/2024 14:30,67.50,6,0.00
1/13/2024 14:35,66.30,6,0.00
1/13/2024 14:40,66.10,6,0.00
1/13/2024 14:45,66.20,6,0.00
1/13/2024 14:50,65.80,6,0.00
1/13/2024 14:55,65.60,6,0.00
1/13/2024 15:00,67.30,6,0.00
1/13/2024 15:05,66.50,6,0.00
1/13/2024 15:10,68.60,6,0.00
1/13/2024 15:15,67.10,6,0.00
1/13/2024 15:20,66.70,6,0.00
1/13/2024 15:25,67.20,6,0.00
1/13/2024 15:30,66.70,6,0.00
1/13/2024 15:35,67.70,6,0.00
1/13/2024 15:40,67.70,6,0.00
1/13/2024 15:45,67.50,6,0.00
1/13/2024 15:50,66.40,6,0.00
1/13/2024 15:55,65.10,6,0.00
1/13/2024 16:00,65.80,6,0.00
1/13/2024 16:05,66.70,6,0.00
1/13/2024 16:10,66.70,6,0.00
1/13/2024 16:15,67.30,6,0.00
1/13/2024 16:20,66.60,6,0.00
1/13/2024 16:25,65.70,6,0.00
1/13/2024 16:30,65.50,6,0.00
1/13/2024 16:35,67.60,6,0.00
1/13/2024 16:40,68.20,6,0.00
1/13/2024 16:45,65.70,6,0.00
1/13/2024 16:50,67.20,6,0.00
1/13/2024 16:55,67.00,6,0.00
1/13/2024 17:00,66.20,6,0.00
1/13/2024 17:05,65.60,6,0.00
1/13/2024 17:10,63.50,6,0.00
1/13/2024 17:15,63.30,6,0.00
1/13/2024 17:20,65.00,6,0.00
1/13/2024 17:25,62.70,6,0.00
1/13/2024 17:30,65.00,6,0.00
1/13/2024 17:35,60.90,6,0.00
1/13/2024 17:40,65.30,6,0.00
1/13/2024 17:45,61.50,6,0.00
1/13/2024 17:50,62.60,6,0.00
1/13/2024 17:55,64.10,6,0.00
1/13/2024 18:00,64.70,6,0.00
1/13/2024 18:05,65.40,6,0.00
1/13/2024 18:10,63.30,6,0.00
1/13/2024 18:15,63.50,6,0.00
1/13/2024 18:20,63.50,6,0.00
1/13/2024 18:25,64.00,6,0.00
1/13/2024 18:30,65.10,6,0.00
1/13/2024 18:35,65.00,6,0.00
1/13/2024 18:40,66.20,6,0.00
1/13/2024 18:45,64.00,6,0.00
1/13/2024 18:50,64.10,6,0.00
1/13/2024 18:55,66.50,6,0.00
1/13/2024 19:00,67.30,6,0.00
1/13/2024 19:05,65.90,6,0.00
1/13/2024 19:10,65.80,6,0.00
1/13/2024 19:15,65.80,6,0.00
1/13/2024 19:20,67.60,6,0.00
1/13/2024 19:25,66.00,6,0.00
1/13/2024 19:30,67.90,6,0.00
1/13/2024 19:35,68.10,6,0.00
1/13/2024 19:40,67.20,6,0.00
1/13/2024 19:45,67.80,6,0.00
1/13/2024 19:50,68.30,6,0.00
1/13/2024 19:55,69.30,6,0.00
1/13/2024 20:00,68.40,6,0.00
1/13/2024 20:05,67.50,6,0.00
1/13/2024 20:10,67.70,6,0.00
1/13/2024 20:15,67.00,6,0.00
1/13/2024 20:20,67.50,6,0.00
1/13/2024 20:25,68.80,6,0.00
1/13/2024 20:30,68.10,6,0.00
1/13/2024 20:35,68.40,6,0.00
1/13/2024 20:40,68.80,6,0.00
1/13/2024 20:45,68.70,6,0.00
1/13/2024 20:50,69.40,6,0.00
1/13/2024 20:55,69.60,6,0.00
1/13/2024 21:00,69.60,6,0.00
1/13/2024 21:05,69.20,6,0.00
1/13/2024 21:10,69.10,6,0.00
1/13/2024 21:15,69.10,6,0.00
1/13/2024 21:20,69.70,6,0.00
1/13/2024 21:25,68.90,6,0.00
1/13/2024 21:30,70.60,6,0.00
1/13/2024 21:35,69.80,6,0.00
1/13/2024 21:40,70.30,6,0.00
1/13/2024 21:45,69.80,6,0.00
1/13/2024 21:50,71.30,6,0.00
1/13/2024 21:55,70.50,6,0.00
1/13/2024 22:00,70.00,6,0.00
1/13/2024 22:05,69.60,6,0.00
1/13/2024 22:10,69.20,6,0.00
1/13/2024 22:15,70.10,6,0.00
1/13/2024 22:20,69.60,6,0.00
1/13/2024 22:25,70.60,6,0.00
1/13/2024 22:30,69.90,6,0.00
1/13/2024 22:35,69.20,6,0.00
1/13/2024 22:40,70.20,6,0.00
1/13/2024 22:45,69.30,6,0.00
1/13/2024 22:50,70.10,6,0.00
1/13/2024 22:55,70.60,6,0.00
1/13/2024 23:00,70.60,6,0.00
1/13/2024 23:05,69.90,6,0.00
1/13/2024 23:10,70.20,6,0.00
1/13/2024 23:15,69.20,6,0.00
1/13/2024 23:20,69.80,6,0.00
1/13/2024 23:25,69.20,6,0.00
1/13/2024 23:30,69.60,6,0.00
1/13/2024 23:35,69.80,6,0.00
1/13/2024 23:40,69.40,6,0.00
1/13/2024 23:45,70.00,6,0.00
1/13/2024 23:50,69.40,6,0.00
1/13/2024 23:55,70.20,6,0.00
1/14/2024 0:00,70.10,6,0.00
1/14/2024 0:05,69.50,6,0.00
1/14/2024 0:10,69.30,6,0.00
1/14/2024 0:15,69.10,6,0.00
1/14/2024 0:20,69.70,6,0.00
1/14/2024 0:25,69.00,6,0.00
1/14/2024 0:30,69.10,6,0.00
1/14/2024 0:35,68.30,6,0.00
1/14/2024 0:40,69.30,6,0.00
1/14/2024 0:45,69.00,6,0.00
1/14/2024 0:50,68.70,6,0.00
1/14/2024 0:55,69.80,6,0.00
1/14/2024 1:00,69.30,6,0.00
1/14/2024 1:05,69.60,6,0.00
1/14/2024 1:10,69.50,6,0.00
1/14/2024 1:15,69.80,6,0.00
1/14/2024 1:20,69.30,6,0.00
1/14/2024 1:25,69.30,6,0.00
1/14/2024 1:30,69.10,6,0.00
1/14/2024 1:35,68.80,6,0.00
1/14/2024 1:40,70.40,6,0.00
1/14/2024 1:45,69.40,6,0.00
1/14/2024 1:50,69.90,6,0.00
1/14/2024 1:55,69.80,6,0.00
1/14/2024 2:00,69.40,6,0.00
1/14/2024 2:05,69.60,6,0.00
1/14/2024 2:10,70.00,6,0.00
1/14/2024 2:15,69.80,6,0.00
1/14/2024 2:20,69.70,6,0.00
1/14/2024 2:25,69.10,6,0.00
1/14/2024 2:30,69.30,6,0.00
1/14/2024 2:35,68.50,6,0.00
1/14/2024 2:40,69.50,6,0.00
1/14/2024 2:45,69.90,6,0.00
1/14/2024 2:50,70.20,6,0.00
1/14/2024 2:55,69.10,6,0.00
1/14/2024 3:00,70.30,6,0.00
1/14/2024 3:05,70.30,6,0.00
1/14/2024 3:10,69.70,6,0.00
1/14/2024 3:15,69.70,6,0.00
1/14/2024 3:20,70.50,6,0.00
1/14/2024 3:25,69.70,6,0.00
1/14/2024 3:30,70.40,6,0.00
1/14/2024 3:35,71.20,6,0.00
1/14/2024 3:40,70.00,6,0.00
1/14/2024 3:45,70.80,6,0.00
1/14/2024 3:50,70.60,6,0.00
1/14/2024 3:55,70.30,6,0.00
1/14/2024 4:00,71.00,6,0.00
1/14/2024 4:05,70.40,6,0.00
1/14/2024 4:10,69.60,6,0.00
1/14/2024 4:15,69.40,6,0.00
1/14/2024 4:20,69.70,6,0.00
1/14/2024 4:25,71.00,6,0.00
1/14/2024 4:30,71.00,6,0.00
1/14/2024 4:35,71.60,6,0.00
1/14/2024 4:40,71.00,6,0.00
1/14/2024 4:45,70.30,6,0.00
1/14/2024 4:50,69.80,6,0.00
1/14/2024 4:55,69.50,6,0.00
1/14/2024 5:00,69.50,6,0.00
1/14/2024 5:05,69.60,6,0.00
1/14/2024 5:10,68.80,6,0.00
1/14/2024 5:15,69.40,6,0.00
1/14/2024 5:20,69.70,6,0.00
1/14/2024 5:25,69.70,6,0.00
1/14/2024 5:30,69.60,6,0.00
1/14/2024 5:35,70.50,6,0.00
1/14/2024 5:40,70.40,6,0.00
1/14/2024 5:45,70.20,6,0.00
1/14/2024 5:50,70.10,6,0.00
1/14/2024 5:55,69.60,6,0.00
1/14/2024 6:00,69.30,6,0.00
1/14/2024 6:05,69.70,6,0.00
1/14/2024 6:10,69.20,6,0.00
1/14/2024 6:15,69.50,6,0.00
1/14/2024 6:20,69.40,6,0.00
1/14/2024 6:25,69.20,6,0.00
1/14/2024 6:30,69.90,6,0.00
1/14/2024 6:35,70.00,6,0.00
1/14/2024 6:40,70.00,6,0.00
1/14/2024 6:45,70.10,6,0.00
1/14/2024 6:50,70.80,6,0.00
1/14/2024 6:55,70.80,6,0.00
1/14/2024 7:00,71.20,6,0.00
1/14/2024 7:05,71.20,6,0.00
1/14/2024 7:10,70.50,6,0.00
1/14/2024 7:15,71.30,6,0.00
1/14/2024 7:20,70.80,6,0.00
1/14/2024 7:25,70.50,6,0.00
1/14/2024 7:30,70.20,6,0.00
1/14/2024 7:35,70.60,6,0.00
1/14/2024 7:40,70.60,6,0.00
1/14/2024 7:45,70.20,6,0.00
1/14/2024 7:50,70.00,6,0.00
1/14/2024 7:55,69.70,6,0.00
1/14/2024 8:00,69.00,6,0.00
1/14/2024 8:05,69.60,6,0.00
1/14/2024 8:10,69.30,6,0.00
1/14/2024 8:15,69.30,6,0.00
1/14/2024 8:20,69.30,6,0.00
1/14/2024 8:25,68.80,6,0.00
1/14/2024 8:30,69.30,6,0.00
1/14/2024 8:35,69.20,6,0.00
1/14/2024 8:40,68.50,6,0.00
1/14/2024 8:45,68.00,6,0.00
1/14/2024 8:50,68.50,6,0.00
1/14/2024 8:55,68.40,6,0.00
1/14/2024 9:00,68.90,6,0.00
1/14/2024 9:05,68.60,6,0.00
1/14/2024 9:10,68.60,6,0.00
1/14/2024 9:15,68.80,6,0.00
1/14/2024 9:20,68.90,6,0.00
1/14/2024 9:25,68.70,6,0.00
1/14/2024 9:30,68.10,6,0.00
1/14/2024 9:35,67.60,6,0.00
1/14/2024 9:40,67.10,6,0.00
1/14/2024 9:45,67.30,6,0.00
1/14/2024 9:50,66.90,6,0.00
1/14/2024 9:55,67.50,6,0.00
1/14/2024 10:00,67.10,6,0.00
1/14/2024 10:05,66.70,6,0.00
1/14/2024 10:10,66.40,6,0.00
1/14/2024 10:15,66.30,6,0.00
1/14/2024 10:20,65.80,6,0.00
1/14/2024 10:25,65.80,6,0.00
1/14/2024 10:30,66.50,6,0.00
1/14/2024 10:35,66.20,6,0.00
1/14/2024 10:40,65.80,6,0.00
1/14/2024 10:45,66.00,6,0.00
1/14/2024 10:50,66.10,6,0.00
1/14/2024 10:55,65.90,6,0.00
1/14/2024 11:00,66.10,6,0.00
1/14/2024 11:05,66.70,6,0.00
1/14/2024 11:10,66.90,6,0.00
1/14/2024 11:15,66.00,6,0.00
1/14/2024 11:20,66.20,6,0.00
1/14/2024 11:25,64.90,6,0.00
1/14/2024 11:30,65.60,6,0.00
1/14/2024 11:35,65.40,6,0.00
1/14/2024 11:40,64.90,6,0.00
1/14/2024 11:45,64.60,6,0.00
1/14/2024 11:50,65.20,6,0.00
1/14/2024 11:55,59.70,6,0.00
1/14/2024 12:00,63.00,6,0.00
1/14/2024 12:05,64.90,6,0.00
1/14/2024 12:10,66.00,6,0.00
1/14/2024 12:15,65.50,6,0.00
1/14/2024 12:20,66.00,6,0.00
1/14/2024 12:25,66.00,6,0.00
1/14/2024 12:30,65.50,6,0.00
1/14/2024 12:35,65.90,6,0.00
1/14/2024 12:40,65.50,6,0.00
1/14/2024 12:45,65.70,6,0.00
1/14/2024 12:50,65.40,6,0.00
1/14/2024 12:55,65.70,6,0.00
1/14/2024 13:00,65.80,6,0.00
1/14/2024 13:05,65.80,6,0.00
1/14/2024 13:10,66.20,6,0.00
1/14/2024 13:15,66.90,6,0.00
1/14/2024 13:20,66.30,6,0.00
1/14/2024 13:25,66.00,6,0.00
1/14/2024 13:30,66.40,6,0.00
1/14/2024 13:35,67.20,6,0.00
1/14/2024 13:40,66.30,6,0.00
1/14/2024 13:45,66.30,6,0.00
1/14/2024 13:50,66.10,6,0.00
1/14/2024 13:55,66.60,6,0.00
1/14/2024 14:00,67.40,6,0.00
1/14/2024 14:05,67.10,6,0.00
1/14/2024 14:10,66.20,6,0.00
1/14/2024 14:15,67.00,6,0.00
1/14/2024 14:20,67.80,6,0.00
1/14/2024 14:25,67.10,6,0.00
1/14/2024 14:30,66.80,6,0.00
1/14/2024 14:35,65.90,6,0.00
1/14/2024 14:40,66.30,6,0.00
1/14/2024 14:45,66.00,6,0.00
1/14/2024 14:50,66.50,6,0.00
1/14/2024 14:55,66.10,6,0.00
1/14/2024 15:00,66.40,6,0.00
1/14/2024 15:05,67.20,6,0.00
1/14/2024 15:10,66.50,6,0.00
1/14/2024 15:15,66.10,6,0.00
1/14/2024 15:20,66.80,6,0.00
1/14/2024 15:25,66.20,6,0.00
1/14/2024 15:30,66.90,6,0.00
1/14/2024 15:35,66.60,6,0.00
1/14/2024 15:40,66.10,6,0.00
1/14/2024 15:45,66.70,6,0.00
1/14/2024 15:50,66.50,6,0.00
1/14/2024 15:55,65.90,6,0.00
1/14/2024 16:00,66.10,6,0.00
1/14/2024 16:05,66.20,6,0.00
1/14/2024 16:10,66.50,6,0.00
1/14/2024 16:15,65.90,6,0.00
1/14/2024 16:20,66.30,6,0.00
1/14/2024 16:25,66.10,6,0.00
1/14/2024 16:30,66.20,6,0.00
1/14/2024 16:35,65.70,6,0.00
1/14/2024 16:40,65.30,6,0.00
1/14/2024 16:45,65.00,6,0.00
1/14/2024 16:50,61.60,6,0.00
1/14/2024 16:55,57.30,6,0.00
1/14/2024 17:00,54.10,6,0.00
1/14/2024 17:05,51.80,6,0.00
1/14/2024 17:10,54.90,6,0.00
1/14/2024 17:15,58.40,6,0.00
1/14/2024 17:20,60.20,6,0.00
1/14/2024 17:25,62.00,6,0.00
1/14/2024 17:30,62.80,6,0.00
1/14/2024 17:35,63.20,6,0.00
1/14/2024 17:40,63.30,6,0.00
1/14/2024 17:45,63.80,6,0.00
1/14/2024 17:50,64.70,6,0.00
1/14/2024 17:55,64.40,6,0.00
1/14/2024 18:00,64.80,6,0.00
1/14/2024 18:05,65.60,6,0.00
1/14/2024 18:10,65.30,6,0.00
1/14/2024 18:15,64.30,6,0.00
1/14/2024 18:20,65.00,6,0.00
1/14/2024 18:25,65.40,6,0.00
1/14/2024 18:30,65.30,6,0.00
1/14/2024 18:35,65.10,6,0.00
1/14/2024 18:40,65.20,6,0.00
1/14/2024 18:45,65.60,6,0.00
1/14/2024 18:50,65.00,6,0.00
1/14/2024 18:55,65.90,6,0.00
1/14/2024 19:00,65.90,6,0.00
1/14/2024 19:05,65.90,6,0.00
1/14/2024 19:10,66.40,6,0.00
1/14/2024 19:15,65.80,6,0.00
1/14/2024 19:20,66.80,6,0.00
1/14/2024 19:25,66.30,6,0.00
1/14/2024 19:30,66.10,6,0.00
1/14/2024 19:35,65.90,6,0.00
1/14/2024 19:40,66.30,6,0.00
1/14/2024 19:45,66.50,6,0.00
1/14/2024 19:50,66.30,6,0.00
1/14/2024 19:55,66.20,6,0.00
1/14/2024 20:00,66.20,6,0.00
1/14/2024 20:05,66.60,6,0.00
1/14/2024 20:10,67.20,6,0.00
1/14/2024 20:15,65.90,6,0.00
1/14/2024 20:20,65.80,6,0.00
1/14/2024 20:25,66.60,6,0.00
1/14/2024 20:30,68.00,6,0.00
1/14/2024 20:35,67.30,6,0.00
1/14/2024 20:40,67.00,6,0.00
1/14/2024 20:45,67.10,6,0.00
1/14/2024 20:50,67.70,6,0.00
1/14/2024 20:55,67.60,6,0.00
1/14/2024 21:00,68.20,6,0.00
1/14/2024 21:05,69.10,6,0.00
1/14/2024 21:10,68.00,6,0.00
1/14/2024 21:15,68.00,6,0.00
1/14/2024 21:20,68.60,6,0.00
1/14/2024 21:25,68.80,6,0.00
1/14/2024 21:30,69.30,6,0.00
1/14/2024 21:35,69.10,6,0.00
1/14/2024 21:40,69.10,6,0.00
1/14/2024 21:45,69.10,6,0.00
1/14/2024 21:50,69.90,6,0.00
1/14/2024 21:55,70.30,6,0.00
1/14/2024 22:00,69.80,6,0.00
1/14/2024 22:05,69.20,6,0.00
1/14/2024 22:10,68.90,6,0.00
1/14/2024 22:15,68.80,6,0.00
1/14/2024 22:20,68.60,6,0.00
1/14/2024 22:25,69.80,6,0.00
1/14/2024 22:30,69.70,6,0.00
1/14/2024 22:35,69.80,6,0.00
1/14/2024 22:40,69.80,6,0.00
1/14/2024 22:45,69.20,6,0.00
1/14/2024 22:50,69.80,6,0.00
1/14/2024 22:55,69.80,6,0.00
1/14/2024 23:00,69.40,6,0.00
1/14/2024 23:05,68.90,6,0.00
1/14/2024 23:10,68.30,6,0.00
1/14/2024 23:15,68.60,6,0.00
1/14/2024 23:20,69.00,6,0.00
1/14/2024 23:25,68.60,6,0.00
1/14/2024 23:30,68.80,6,0.00
1/14/2024 23:35,68.20,6,0.00
1/14/2024 23:40,68.50,6,0.00
1/14/2024 23:45,68.80,6,0.00
1/14/2024 23:50,68.20,6,0.00
1/14/2024 23:55,68.40,6,0.00