5 Minutes,Lane 1 Speed (mph),Speed (mph),# Lane Points,% Observed
1/1/2024 0:00,76.50,70.90,5,100.00
1/1/2024 0:05,76.40,69.90,5,100.00
1/1/2024 0:10,76.50,69.20,5,100.00
1/1/2024 0:15,76.70,70.20,5,100.00
1/1/2024 0:20,76.10,69.10,5,100.00
1/1/2024 0:25,75.40,68.80,5,100.00
1/1/2024 0:30,75.70,69.00,5,100.00
1/1/2024 0:35,76.20,67.90,5,100.00
1/1/2024 0:40,75.40,69.10,5,100.00
1/1/2024 0:45,75.50,67.50,5,100.00
1/1/2024 0:50,74.40,68.90,5,100.00
1/1/2024 0:55,74.90,68.30,5,100.00
1/1/2024 1:00,75.50,69.40,5,100.00
1/1/2024 1:05,75.90,69.40,5,100.00
1/1/2024 1:10,75.10,70.10,5,100.00
1/1/2024 1:15,75.40,70.00,5,100.00
1/1/2024 1:20,75.40,71.20,5,100.00
1/1/2024 1:25,75.60,70.60,5,100.00
1/1/2024 1:30,75.80,70.40,5,100.00
1/1/2024 1:35,75.50,69.90,5,100.00
1/1/2024 1:40,75.20,70.60,5,100.00
1/1/2024 1:45,75.70,70.70,5,100.00
1/1/2024 1:50,76.30,70.60,5,100.00
1/1/2024 1:55,76.10,69.80,5,100.00
1/1/2024 2:00,75.60,70.10,5,100.00
1/1/2024 2:05,75.90,70.50,5,100.00
1/1/2024 2:10,76.30,71.80,5,100.00
1/1/2024 2:15,75.90,71.00,5,100.00
1/1/2024 2:20,76.30,69.80,5,100.00
1/1/2024 2:25,76.60,71.10,5,100.00
1/1/2024 2:30,76.30,70.80,5,100.00
1/1/2024 2:35,76.00,71.20,5,100.00
1/1/2024 2:40,76.30,70.90,5,100.00
1/1/2024 2:45,76.40,70.20,5,100.00
1/1/2024 2:50,76.40,71.30,5,100.00
1/1/2024 2:55,76.40,71.60,5,100.00
1/1/2024 3:00,76.50,71.10,5,100.00
1/1/2024 3:05,76.50,70.80,5,100.00
1/1/2024 3:10,76.30,69.60,5,100.00
1/1/2024 3:15,76.30,70.20,5,100.00
1/1/2024 3:20,76.20,70.50,5,100.00
1/1/2024 3:25,76.10,70.70,5,100.00
1/1/2024 3:30,76.00,70.00,5,100.00
1/1/2024 3:35,75.70,71.00,5,100.00
1/1/2024 3:40,76.00,70.80,5,100.00
1/1/2024 3:45,76.40,71.00,5,100.00
1/1/2024 3:50,76.20,70.70,5,100.00
1/1/2024 3:55,76.20,70.40,5,100.00
1/1/2024 4:00,76.20,70.90,5,100.00
1/1/2024 4:05,76.40,70.50,5,100.00
1/1/2024 4:10,76.20,71.00,5,100.00
1/1/2024 4:15,76.10,70.90,5,100.00
1/1/2024 4:20,76.30,70.80,5,100.00
1/1/2024 4:25,76.10,70.70,5,100.00
1/1/2024 4:30,76.10,70.90,5,100.00
1/1/2024 4:35,76.30,69.80,5,100.00
1/1/2024 4:40,76.20,70.90,5,100.00
1/1/2024 4:45,76.30,70.40,5,100.00
1/1/2024 4:50,76.30,69.50,5,100.00
1/1/2024 4:55,76.40,70.30,5,100.00
1/1/2024 5:00,76.30,69.80,5,100.00
1/1/2024 5:05,76.40,70.10,5,100.00
1/1/2024 5:10,76.40,69.20,5,100.00
1/1/2024 5:15,76.30,68.40,5,100.00
1/1/2024 5:20,76.30,70.80,5,100.00
1/1/2024 5:25,76.40,69.60,5,100.00
1/1/2024 5:30,76.30,69.20,5,100.00
1/1/2024 5:35,76.40,69.30,5,100.00
1/1/2024 5:40,76.50,69.40,5,100.00
1/1/2024 5:45,76.40,69.90,5,100.00
1/1/2024 5:50,76.40,68.90,5,100.00
1/1/2024 5:55,76.30,69.40,5,100.00
1/1/2024 6:00,76.50,69.20,5,100.00
1/1/2024 6:05,76.40,70.10,5,100.00
1/1/2024 6:10,76.30,69.10,5,100.00
1/1/2024 6:15,76.30,69.90,5,100.00
1/1/2024 6:20,76.20,70.20,5,100.00
1/1/2024 6:25,76.50,70.00,5,100.00
1/1/2024 6:30,76.50,69.60,5,100.00
1/1/2024 6:35,76.60,70.70,5,100.00
1/1/2024 6:40,76.50,71.20,5,100.00
1/1/2024 6:45,76.60,70.80,5,100.00
1/1/2024 6:50,76.30,70.90,5,100.00
1/1/2024 6:55,76.30,70.70,5,100.00
1/1/2024 7:00,76.30,69.60,5,100.00
1/1/2024 7:05,76.30,71.00,5,100.00
1/1/2024 7:10,76.30,70.10,5,100.00
1/1/2024 7:15,76.40,70.50,5,100.00
1/1/2024 7:20,76.50,69.70,5,100.00
1/1/2024 7:25,76.40,71.40,5,100.00
1/1/2024 7:30,76.40,69.90,5,100.00
1/1/2024 7:35,76.40,70.60,5,100.00
1/1/2024 7:40,76.70,70.50,5,100.00
1/1/2024 7:45,76.30,70.20,5,100.00
1/1/2024 7:50,76.50,70.70,5,100.00
1/1/2024 7:55,76.40,70.60,5,100.00
1/1/2024 8:00,76.50,70.70,5,100.00
1/1/2024 8:05,76.40,70.70,5,100.00
1/1/2024 8:10,76.50,69.40,5,100.00
1/1/2024 8:15,76.50,70.40,5,100.00
1/1/2024 8:20,76.20,69.80,5,100.00
1/1/2024 8:25,76.30,69.40,5,100.00
1/1/2024 8:30,76.40,69.50,5,100.00
1/1/2024 8:35,76.70,70.10,5,100.00
1/1/2024 8:40,76.50,68.90,5,100.00
1/1/2024 8:45,76.60,68.90,5,100.00
1/1/2024 8:50,76.60,70.20,5,100.00
1/1/2024 8:55,76.40,70.60,5,100.00
1/1/2024 9:00,76.50,68.90,5,100.00
1/1/2024 9:05,76.60,67.80,5,100.00
1/1/2024 9:10,76.60,68.50,5,100.00
1/1/2024 9:15,76.60,68.60,5,100.00
1/1/2024 9:20,76.50,68.10,5,100.00
1/1/2024 9:25,76.60,68.80,5,100.00
1/1/2024 9:30,76.60,68.00,5,100.00
1/1/2024 9:35,76.50,68.50,5,100.00
1/1/2024 9:40,76.60,68.90,5,100.00
1/1/2024 9:45,77.20,69.70,5,100.00
1/1/2024 9:50,76.30,69.60,5,100.00
1/1/2024 9:55,76.70,69.70,5,100.00
1/1/2024 10:00,76.70,68.10,5,100.00
1/1/2024 10:05,76.50,69.20,5,100.00
1/1/2024 10:10,76.30,69.60,5,100.00
1/1/2024 10:15,75.90,67.90,5,100.00
1/1/2024 10:20,75.20,68.00,5,100.00
1/1/2024 10:25,76.00,69.40,5,100.00
1/1/2024 10:30,76.70,68.60,5,100.00
1/1/2024 10:35,76.10,68.20,5,100.00
1/1/2024 10:40,74.70,68.30,5,100.00
1/1/2024 10:45,75.90,69.30,5,100.00
1/1/2024 10:50,74.50,68.20,5,100.00
1/1/2024 10:55,73.00,68.40,5,100.00
1/1/2024 11:00,72.30,69.20,5,100.00
1/1/2024 11:05,74.20,70.10,5,100.00
1/1/2024 11:10,75.60,69.40,5,100.00
1/1/2024 11:15,75.20,69.30,5,100.00
1/1/2024 11:20,73.40,68.90,5,100.00
1/1/2024 11:25,73.70,68.20,5,100.00
1/1/2024 11:30,74.80,68.20,5,100.00
1/1/2024 11:35,73.10,67.70,5,100.00
1/1/2024 11:40,72.40,67.70,5,100.00
1/1/2024 11:45,74.20,69.60,5,100.00
1/1/2024 11:50,73.60,69.30,5,100.00
1/1/2024 11:55,74.50,69.10,5,100.00
1/1/2024 12:00,74.10,67.90,5,100.00
1/1/2024 12:05,72.60,66.70,5,100.00
1/1/2024 12:10,74.30,67.30,5,100.00
1/1/2024 12:15,74.00,66.70,5,100.00
1/1/2024 12:20,73.40,66.30,5,100.00
1/1/2024 12:25,74.00,67.70,5,100.00
1/1/2024 12:30,74.00,68.20,5,100.00
1/1/2024 12:35,75.30,68.20,5,100.00
1/1/2024 12:40,73.90,67.10,5,100.00
1/1/2024 12:45,74.50,67.20,5,100.00
1/1/2024 12:50,74.00,66.50,5,100.00
1/1/2024 12:55,73.20,65.90,5,100.00
1/1/2024 13:00,74.00,66.80,5,100.00
1/1/2024 13:05,74.30,67.00,5,100.00
1/1/2024 13:10,75.70,66.80,5,100.00
1/1/2024 13:15,74.50,66.40,5,100.00
1/1/2024 13:20,74.90,67.10,5,100.00
1/1/2024 13:25,75.40,67.10,5,100.00
1/1/2024 13:30,73.10,67.00,5,100.00
1/1/2024 13:35,73.70,66.30,5,100.00
1/1/2024 13:40,73.30,66.30,5,100.00
1/1/2024 13:45,74.30,67.30,5,100.00
1/1/2024 13:50,74.80,67.10,5,100.00
1/1/2024 13:55,75.10,66.50,5,100.00
1/1/2024 14:00,75.00,66.60,5,100.00
1/1/2024 14:05,74.50,66.50,5,100.00
1/1/2024 14:10,74.00,66.10,5,100.00
1/1/2024 14:15,73.80,66.40,5,100.00
1/1/2024 14:20,74.40,66.30,5,100.00
1/1/2024 14:25,76.00,66.00,5,100.00
1/1/2024 14:30,75.80,66.60,5,100.00
1/1/2024 14:35,76.10,66.60,5,100.00
1/1/2024 14:40,74.20,67.00,5,100.00
1/1/2024 14:45,75.30,66.60,5,100.00
1/1/2024 14:50,75.80,66.90,5,100.00
1/1/2024 14:55,75.10,67.30,5,100.00
1/1/2024 15:00,75.90,68.30,5,100.00
1/1/2024 15:05,74.00,67.40,5,100.00
1/1/2024 15:10,74.10,67.00,5,100.00
1/1/2024 15:15,74.50,67.30,5,100.00
1/1/2024 15:20,75.50,66.90,5,100.00
1/1/2024 15:25,75.40,67.00,5,100.00
1/1/2024 15:30,75.00,66.80,5,100.00
1/1/2024 15:35,74.60,66.20,5,100.00
1/1/2024 15:40,72.60,65.50,5,100.00
1/1/2024 15:45,73.40,66.20,5,100.00
1/1/2024 15:50,73.60,66.80,5,100.00
1/1/2024 15:55,74.60,66.10,5,100.00
1/1/2024 16:00,75.00,66.20,5,100.00
1/1/2024 16:05,75.50,65.10,5,100.00
1/1/2024 16:10,74.90,64.70,5,100.00
1/1/2024 16:15,74.50,64.80,5,100.00
1/1/2024 16:20,74.50,64.80,5,100.00
1/1/2024 16:25,75.10,64.70,5,100.00
1/1/2024 16:30,74.80,65.30,5,100.00
1/1/2024 16:35,75.00,63.80,5,100.00
1/1/2024 16:40,74.00,64.90,5,100.00
1/1/2024 16:45,76.00,65.40,5,100.00
1/1/2024 16:50,73.70,64.80,5,100.00
1/1/2024 16:55,75.30,65.50,5,100.00
1/1/2024 17:00,74.80,66.10,5,100.00
1/1/2024 17:05,76.50,67.50,5,100.00
1/1/2024 17:10,76.10,67.40,5,100.00
1/1/2024 17:15,75.20,66.70,5,100.00
1/1/2024 17:20,74.20,65.80,5,100.00
1/1/2024 17:25,75.00,65.50,5,100.00
1/1/2024 17:30,73.50,65.10,5,100.00
1/1/2024 17:35,73.90,64.30,5,100.00
1/1/2024 17:40,73.20,63.80,5,100.00
1/1/2024 17:45,72.30,63.50,5,100.00
1/1/2024 17:50,73.40,62.50,5,100.00
1/1/2024 17:55,73.10,63.70,5,100.00
1/1/2024 18:00,72.60,63.50,5,100.00
1/1/2024 18:05,72.70,63.10,5,100.00
1/1/2024 18:10,73.40,63.80,5,100.00
1/1/2024 18:15,74.50,63.90,5,100.00
1/1/2024 18:20,74.90,66.70,5,100.00
1/1/2024 18:25,76.30,66.90,5,100.00
1/1/2024 18:30,76.10,66.20,5,100.00
1/1/2024 18:35,76.30,66.10,5,100.00
1/1/2024 18:40,76.70,67.10,5,100.00
1/1/2024 18:45,77.50,66.60,5,100.00
1/1/2024 18:50,77.30,67.00,5,100.00
1/1/2024 18:55,76.90,66.60,5,100.00
1/1/2024 19:00,76.20,67.20,5,100.00
1/1/2024 19:05,76.60,68.00,5,100.00
1/1/2024 19:10,75.40,68.40,5,100.00
1/1/2024 19:15,75.10,68.40,5,100.00
1/1/2024 19:20,75.10,68.60,5,100.00
1/1/2024 19:25,76.20,67.90,5,100.00
1/1/2024 19:30,76.10,67.70,5,100.00
1/1/2024 19:35,76.00,68.80,5,100.00
1/1/2024 19:40,75.50,68.30,5,100.00
1/1/2024 19:45,74.50,67.80,5,100.00
1/1/2024 19:50,74.70,68.50,5,100.00
1/1/2024 19:55,75.50,68.80,5,100.00
1/1/2024 20:00,75.90,67.80,5,100.00
1/1/2024 20:05,76.80,69.30,5,100.00
1/1/2024 20:10,76.90,69.70,5,100.00
1/1/2024 20:15,77.70,70.10,5,100.00
1/1/2024 20:20,77.50,69.40,5,100.00
1/1/2024 20:25,76.80,68.40,5,100.00
1/1/2024 20:30,76.20,68.60,5,100.00
1/1/2024 20:35,77.10,67.50,5,100.00
1/1/2024 20:40,77.30,68.20,5,100.00
1/1/2024 20:45,77.00,68.60,5,100.00
1/1/2024 20:50,76.40,68.30,5,100.00
1/1/2024 20:55,76.90,68.90,5,100.00
1/1/2024 21:00,76.00,69.40,5,100.00
1/1/2024 21:05,74.90,69.90,5,100.00
1/1/2024 21:10,75.40,69.50,5,100.00
1/1/2024 21:15,76.30,69.90,5,100.00
1/1/2024 21:20,76.50,69.30,5,100.00
1/1/2024 21:25,76.70,69.30,5,100.00
1/1/2024 21:30,76.60,69.20,5,100.00
1/1/2024 21:35,76.40,69.10,5,100.00
1/1/2024 21:40,76.30,69.40,5,100.00
1/1/2024 21:45,76.30,70.00,5,100.00
1/1/2024 21:50,76.20,69.40,5,100.00
1/1/2024 21:55,76.10,69.90,5,100.00
1/1/2024 22:00,76.30,70.80,5,100.00
1/1/2024 22:05,76.10,71.20,5,100.00
1/1/2024 22:10,76.70,70.80,5,100.00
1/1/2024 22:15,76.10,70.50,5,100.00
1/1/2024 22:20,76.20,70.10,5,100.00
1/1/2024 22:25,76.30,70.40,5,100.00
1/1/2024 22:30,76.20,71.40,5,100.00
1/1/2024 22:35,76.40,70.80,5,100.00
1/1/2024 22:40,76.40,71.30,5,100.00
1/1/2024 22:45,76.40,69.90,5,100.00
1/1/2024 22:50,76.50,70.40,5,100.00
1/1/2024 22:55,76.50,70.80,5,100.00
1/1/2024 23:00,76.60,70.20,5,100.00
1/1/2024 23:05,76.60,70.50,5,100.00
1/1/2024 23:10,76.70,71.10,5,100.00
1/1/2024 23:15,76.60,71.70,5,100.00
1/1/2024 23:20,76.40,69.70,5,100.00
1/1/2024 23:25,76.40,70.70,5,100.00
1/1/2024 23:30,76.40,70.70,5,100.00
1/1/2024 23:35,76.50,70.20,5,100.00
1/1/2024 23:40,76.20,70.90,5,100.00
1/1/2024 23:45,76.20,70.50,5,100.00
1/1/2024 23:50,76.30,70.70,5,100.00
1/1/2024 23:55,76.30,69.40,5,100.00
1/2/2024 0:00,76.50,69.60,5,100.00
1/2/2024 0:05,76.40,69.40,5,100.00
1/2/2024 0:10,76.30,70.70,5,100.00
1/2/2024 0:15,76.30,70.80,5,100.00
1/2/2024 0:20,76.40,71.00,5,100.00
1/2/2024 0:25,76.30,69.70,5,100.00
1/2/2024 0:30,76.40,69.50,5,100.00
1/2/2024 0:35,76.40,70.40,5,100.00
1/2/2024 0:40,76.40,70.00,5,100.00
1/2/2024 0:45,76.50,69.80,5,100.00
1/2/2024 0:50,76.50,69.40,5,100.00
1/2/2024 0:55,76.40,69.80,5,100.00
1/2/2024 1:00,76.40,69.80,5,100.00
1/2/2024 1:05,76.40,69.40,5,100.00
1/2/2024 1:10,76.60,70.40,5,100.00
1/2/2024 1:15,76.80,69.80,5,100.00
1/2/2024 1:20,76.80,69.80,5,100.00
1/2/2024 1:25,76.60,70.30,5,100.00
1/2/2024 1:30,76.50,70.70,5,100.00
1/2/2024 1:35,76.40,70.00,5,100.00
1/2/2024 1:40,76.40,70.20,5,100.00
1/2/2024 1:45,76.40,68.10,5,100.00
1/2/2024 1:50,76.40,69.60,5,100.00
1/2/2024 1:55,76.40,68.60,5,100.00
1/2/2024 2:00,76.40,70.70,5,100.00
1/2/2024 2:05,76.60,68.40,5,100.00
1/2/2024 2:10,76.40,69.30,5,100.00
1/2/2024 2:15,76.50,70.90,5,100.00
1/2/2024 2:20,76.30,69.40,5,100.00
1/2/2024 2:25,76.40,70.00,5,100.00
1/2/2024 2:30,76.60,71.70,5,100.00
1/2/2024 2:35,76.60,71.20,5,100.00
1/2/2024 2:40,76.60,70.40,5,100.00
1/2/2024 2:45,76.50,70.10,5,100.00
1/2/2024 2:50,76.50,71.20,5,100.00
1/2/2024 2:55,76.50,69.70,5,100.00
1/2/2024 3:00,76.50,69.00,5,100.00
1/2/2024 3:05,76.50,71.20,5,100.00
1/2/2024 3:10,76.50,70.50,5,100.00
1/2/2024 3:15,76.50,71.00,5,100.00
1/2/2024 3:20,76.30,69.60,5,100.00
1/2/2024 3:25,76.30,71.50,5,100.00
1/2/2024 3:30,76.40,70.80,5,100.00
1/2/2024 3:35,76.40,69.30,5,100.00
1/2/2024 3:40,76.40,71.00,5,100.00
1/2/2024 3:45,76.40,70.20,5,100.00
1/2/2024 3:50,76.40,70.00,5,100.00
1/2/2024 3:55,76.40,69.50,5,100.00
1/2/2024 4:00,76.30,69.80,5,100.00
1/2/2024 4:05,76.30,69.50,5,100.00
1/2/2024 4:10,76.50,68.40,5,100.00
1/2/2024 4:15,76.50,70.40,5,100.00
1/2/2024 4:20,76.60,70.00,5,100.00
1/2/2024 4:25,76.60,68.60,5,100.00
1/2/2024 4:30,76.60,70.30,5,100.00
1/2/2024 4:35,76.50,69.50,5,100.00
1/2/2024 4:40,76.60,70.30,5,100.00
1/2/2024 4:45,76.60,70.30,5,100.00
1/2/2024 4:50,76.60,69.20,5,100.00
1/2/2024 4:55,76.60,68.70,5,100.00
1/2/2024 5:00,76.50,70.10,5,100.00
1/2/2024 5:05,76.50,69.00,5,100.00
1/2/2024 5:10,76.50,70.20,5,100.00
1/2/2024 5:15,76.50,69.90,5,100.00
1/2/2024 5:20,76.40,68.90,5,100.00
1/2/2024 5:25,76.50,70.00,5,100.00
1/2/2024 5:30,76.60,70.20,5,100.00
1/2/2024 5:35,76.50,71.00,5,100.00
1/2/2024 5:40,76.50,71.80,5,100.00
1/2/2024 5:45,76.50,70.90,5,100.00
1/2/2024 5:50,76.60,70.30,5,100.00
1/2/2024 5:55,76.60,69.30,5,100.00
1/2/2024 6:00,76.40,69.70,5,100.00
1/2/2024 6:05,76.30,70.00,5,100.00
1/2/2024 6:10,76.00,68.80,5,100.00
1/2/2024 6:15,75.50,69.10,5,100.00
1/2/2024 6:20,75.90,69.90,5,100.00
1/2/2024 6:25,76.30,70.90,5,100.00
1/2/2024 6:30,76.30,70.50,5,100.00
1/2/2024 6:35,76.20,69.30,5,100.00
1/2/2024 6:40,76.40,71.60,5,100.00
1/2/2024 6:45,76.60,71.40,5,100.00
1/2/2024 6:50,76.70,72.30,5,100.00
1/2/2024 6:55,76.80,70.90,5,100.00
1/2/2024 7:00,76.50,70.50,5,100.00
1/2/2024 7:05,76.70,70.10,5,100.00
1/2/2024 7:10,76.60,70.80,5,100.00
1/2/2024 7:15,76.80,70.10,5,100.00
1/2/2024 7:20,76.90,69.30,5,100.00
1/2/2024 7:25,76.00,68.70,5,100.00
1/2/2024 7:30,77.10,68.90,5,100.00
1/2/2024 7:35,74.70,69.10,5,100.00
1/2/2024 7:40,75.40,70.50,5,100.00
1/2/2024 7:45,76.50,69.90,5,100.00
1/2/2024 7:50,76.00,70.10,5,100.00
1/2/2024 7:55,75.30,70.60,5,100.00
1/2/2024 8:00,75.30,68.80,5,100.00
1/2/2024 8:05,76.70,67.80,5,100.00
1/2/2024 8:10,77.60,68.60,5,100.00
1/2/2024 8:15,77.50,68.70,5,100.00
1/2/2024 8:20,79.00,68.40,5,100.00
1/2/2024 8:25,78.00,68.10,5,100.00
1/2/2024 8:30,77.20,69.10,5,100.00
1/2/2024 8:35,76.00,69.20,5,100.00
1/2/2024 8:40,76.00,68.90,5,100.00
1/2/2024 8:45,78.10,68.90,5,100.00
1/2/2024 8:50,77.10,68.30,5,100.00
1/2/2024 8:55,73.60,68.10,5,100.00
1/2/2024 9:00,75.00,67.00,5,100.00
1/2/2024 9:05,75.60,66.10,5,100.00
1/2/2024 9:10,76.10,65.00,5,100.00
1/2/2024 9:15,71.00,64.50,5,100.00
1/2/2024 9:20,71.60,63.80,5,100.00
1/2/2024 9:25,74.20,64.90,5,100.00
1/2/2024 9:30,72.80,65.40,5,100.00
1/2/2024 9:35,74.60,66.00,5,100.00
1/2/2024 9:40,74.70,65.60,5,100.00
1/2/2024 9:45,73.20,64.90,5,100.00
1/2/2024 9:50,73.40,64.80,5,100.00
1/2/2024 9:55,74.80,63.70,5,100.00
1/2/2024 10:00,75.70,65.10,5,100.00
1/2/2024 10:05,75.50,64.30,5,100.00
1/2/2024 10:10,75.70,64.60,5,100.00
1/2/2024 10:15,76.80,64.80,5,100.00
1/2/2024 10:20,75.50,65.10,5,100.00
1/2/2024 10:25,76.50,65.00,5,100.00
1/2/2024 10:30,75.10,64.30,5,100.00
1/2/2024 10:35,75.20,64.50,5,100.00
1/2/2024 10:40,75.30,65.10,5,100.00
1/2/2024 10:45,74.80,65.60,5,100.00
1/2/2024 10:50,74.80,66.10,5,100.00
1/2/2024 10:55,74.90,63.90,5,100.00
1/2/2024 11:00,75.30,63.30,5,100.00
1/2/2024 11:05,76.20,63.10,5,100.00
1/2/2024 11:10,75.80,63.90,5,100.00
1/2/2024 11:15,75.60,63.10,5,100.00
1/2/2024 11:20,75.60,63.40,5,100.00
1/2/2024 11:25,74.80,63.50,5,100.00
1/2/2024 11:30,76.60,64.00,5,100.00
1/2/2024 11:35,76.60,63.90,5,100.00
1/2/2024 11:40,78.10,63.70,5,100.00
1/2/2024 11:45,77.00,65.10,5,100.00
1/2/2024 11:50,76.30,64.30,5,100.00
1/2/2024 11:55,76.40,64.50,5,100.00
1/2/2024 12:00,73.10,64.10,5,100.00
1/2/2024 12:05,72.60,63.20,5,100.00
1/2/2024 12:10,70.20,63.60,5,100.00
1/2/2024 12:15,71.10,63.50,5,100.00
1/2/2024 12:20,71.00,62.90,5,100.00
1/2/2024 12:25,71.30,64.50,5,100.00
1/2/2024 12:30,71.00,62.40,5,100.00
1/2/2024 12:35,71.20,63.40,5,100.00
1/2/2024 12:40,69.40,62.40,5,100.00
1/2/2024 12:45,70.90,62.80,5,100.00
1/2/2024 12:50,69.00,61.90,5,100.00
1/2/2024 12:55,69.80,63.10,5,100.00
1/2/2024 13:00,71.00,62.90,5,100.00
1/2/2024 13:05,70.60,62.80,5,100.00
1/2/2024 13:10,71.20,62.20,5,100.00
1/2/2024 13:15,71.50,63.40,5,100.00
1/2/2024 13:20,71.50,63.60,5,100.00
1/2/2024 13:25,70.30,63.60,5,100.00
1/2/2024 13:30,70.50,63.10,5,100.00
1/2/2024 13:35,70.20,63.90,5,100.00
1/2/2024 13:40,71.20,63.50,5,100.00
1/2/2024 13:45,70.40,62.50,5,100.00
1/2/2024 13:50,69.90,62.30,5,100.00
1/2/2024 13:55,68.70,61.40,5,100.00
1/2/2024 14:00,68.60,61.20,5,100.00
1/2/2024 14:05,70.00,61.50,5,100.00
1/2/2024 14:10,69.00,62.70,5,100.00
1/2/2024 14:15,67.50,63.30,5,100.00
1/2/2024 14:20,67.80,62.30,5,100.00
1/2/2024 14:25,69.00,61.40,5,100.00
1/2/2024 14:30,68.20,60.60,5,100.00
1/2/2024 14:35,67.80,60.70,5,100.00
1/2/2024 14:40,68.20,60.60,5,100.00
1/2/2024 14:45,67.50,59.70,5,100.00
1/2/2024 14:50,67.10,57.30,5,100.00
1/2/2024 14:55,68.50,59.40,5,100.00
1/2/2024 15:00,68.00,61.70,5,100.00
1/2/2024 15:05,67.90,61.80,5,100.00
1/2/2024 15:10,65.20,59.10,5,100.00
1/2/2024 15:15,65.50,58.60,5,100.00
1/2/2024 15:20,64.00,57.60,5,100.00
1/2/2024 15:25,64.00,58.30,5,100.00
1/2/2024 15:30,65.70,59.40,5,100.00
1/2/2024 15:35,66.20,59.70,5,100.00
1/2/2024 15:40,65.40,59.50,5,100.00
1/2/2024 15:45,65.30,60.10,5,100.00
1/2/2024 15:50,66.80,61.50,5,100.00
1/2/2024 15:55,66.90,61.30,5,100.00
1/2/2024 16:00,65.40,59.20,5,100.00
1/2/2024 16:05,65.80,60.70,5,100.00
1/2/2024 16:10,66.60,61.20,5,100.00
1/2/2024 16:15,66.10,61.60,5,100.00
1/2/2024 16:20,66.80,61.30,5,100.00
1/2/2024 16:25,67.90,62.00,5,100.00
1/2/2024 16:30,68.00,62.50,5,100.00
1/2/2024 16:35,67.50,61.40,5,100.00
1/2/2024 16:40,68.60,61.30,5,100.00
1/2/2024 16:45,68.80,61.50,5,100.00
1/2/2024 16:50,68.50,61.00,5,100.00
1/2/2024 16:55,67.70,61.30,5,100.00
1/2/2024 17:00,66.80,61.10,5,100.00
1/2/2024 17:05,67.00,60.50,5,100.00
1/2/2024 17:10,66.10,59.00,5,100.00
1/2/2024 17:15,60.60,51.20,5,100.00
1/2/2024 17:20,39.30,32.60,5,100.00
1/2/2024 17:25,26.40,21.40,5,100.00
1/2/2024 17:30,19.60,15.40,5,100.00
1/2/2024 17:35,32.60,25.40,5,100.00
1/2/2024 17:40,48.50,41.00,5,100.00
1/2/2024 17:45,55.70,49.00,5,100.00
1/2/2024 17:50,61.30,54.50,5,100.00
1/2/2024 17:55,63.80,58.00,5,100.00
1/2/2024 18:00,66.10,59.80,5,100.00
1/2/2024 18:05,65.40,58.30,5,100.00
1/2/2024 18:10,66.10,60.10,5,100.00
1/2/2024 18:15,66.40,61.10,5,100.00
1/2/2024 18:20,69.20,62.50,5,100.00
1/2/2024 18:25,68.40,62.20,5,100.00
1/2/2024 18:30,68.70,63.90,5,100.00
1/2/2024 18:35,69.60,62.70,5,100.00
1/2/2024 18:40,69.00,63.00,5,100.00
1/2/2024 18:45,69.50,64.80,5,100.00
1/2/2024 18:50,69.10,64.90,5,100.00
1/2/2024 18:55,70.10,64.30,5,100.00
1/2/2024 19:00,73.20,65.70,5,100.00
1/2/2024 19:05,74.40,64.80,5,100.00
1/2/2024 19:10,75.30,65.40,5,100.00
1/2/2024 19:15,76.00,66.50,5,100.00
1/2/2024 19:20,76.00,65.90,5,100.00
1/2/2024 19:25,75.90,65.80,5,100.00
1/2/2024 19:30,73.70,65.70,5,100.00
1/2/2024 19:35,74.20,64.90,5,100.00
1/2/2024 19:40,74.60,65.20,5,100.00
1/2/2024 19:45,75.70,66.40,5,100.00
1/2/2024 19:50,76.30,66.00,5,100.00
1/2/2024 19:55,76.60,66.80,5,100.00
1/2/2024 20:00,75.90,67.40,5,100.00
1/2/2024 20:05,76.80,67.40,5,100.00
1/2/2024 20:10,77.20,69.30,5,100.00
1/2/2024 20:15,76.20,69.80,5,100.00
1/2/2024 20:20,76.40,68.90,5,100.00
1/2/2024 20:25,76.70,68.90,5,100.00
1/2/2024 20:30,74.70,68.70,5,100.00
1/2/2024 20:35,75.70,69.20,5,100.00
1/2/2024 20:40,76.10,67.20,5,100.00
1/2/2024 20:45,76.10,67.40,5,100.00
1/2/2024 20:50,76.60,68.30,5,100.00
1/2/2024 20:55,76.60,68.90,5,100.00
1/2/2024 21:00,76.80,69.10,5,100.00
1/2/2024 21:05,76.40,68.30,5,100.00
1/2/2024 21:10,77.00,68.20,5,100.00
1/2/2024 21:15,76.90,70.20,5,100.00
1/2/2024 21:20,75.40,70.40,5,100.00
1/2/2024 21:25,75.80,71.00,5,100.00
1/2/2024 21:30,76.10,70.50,5,100.00
1/2/2024 21:35,76.30,70.10,5,100.00
1/2/2024 21:40,76.00,71.40,5,100.00
1/2/2024 21:45,75.80,71.30,5,100.00
1/2/2024 21:50,75.80,71.40,5,100.00
1/2/2024 21:55,75.50,71.20,5,100.00
1/2/2024 22:00,75.90,69.80,5,100.00
1/2/2024 22:05,75.70,69.30,5,100.00
1/2/2024 22:10,75.60,69.40,5,100.00
1/2/2024 22:15,76.10,69.40,5,100.00
1/2/2024 22:20,76.60,69.40,5,100.00
1/2/2024 22:25,76.70,68.70,5,100.00
1/2/2024 22:30,76.60,68.80,5,100.00
1/2/2024 22:35,76.20,70.20,5,100.00
1/2/2024 22:40,76.20,69.50,5,100.00
1/2/2024 22:45,75.90,70.20,5,100.00
1/2/2024 22:50,76.00,70.40,5,100.00
1/2/2024 22:55,76.30,69.30,5,100.00
1/2/2024 23:00,76.30,70.20,5,100.00
1/2/2024 23:05,76.50,68.60,5,100.00
1/2/2024 23:10,76.50,68.80,5,100.00
1/2/2024 23:15,76.30,69.50,5,100.00
1/2/2024 23:20,76.40,69.50,5,100.00
1/2/2024 23:25,76.20,69.40,5,100.00
1/2/2024 23:30,76.20,69.80,5,100.00
1/2/2024 23:35,76.30,69.80,5,100.00
1/2/2024 23:40,76.40,69.70,5,100.00
1/2/2024 23:45,76.40,70.10,5,100.00
1/2/2024 23:50,76.50,69.10,5,100.00
1/2/2024 23:55,76.50,69.70,5,100.00
1/3/2024 0:00,76.50,70.40,5,100.00
1/3/2024 0:05,76.40,69.90,5,100.00
1/3/2024 0:10,76.40,70.90,5,100.00
1/3/2024 0:15,76.40,70.20,5,100.00
1/3/2024 0:20,76.40,71.30,5,100.00
1/3/2024 0:25,76.40,70.70,5,100.00
1/3/2024 0:30,76.40,70.10,5,100.00
1/3/2024 0:35,76.50,70.60,5,100.00
1/3/2024 0:40,76.40,70.90,5,100.00
1/3/2024 0:45,76.50,69.40,5,100.00
1/3/2024 0:50,76.40,70.30,5,100.00
1/3/2024 0:55,76.30,70.30,5,100.00
1/3/2024 1:00,76.30,69.00,5,100.00
1/3/2024 1:05,76.30,68.00,5,100.00
1/3/2024 1:10,76.30,68.10,5,100.00
1/3/2024 1:15,76.30,68.10,5,100.00
1/3/2024 1:20,76.40,69.30,5,100.00
1/3/2024 1:25,76.50,69.20,5,100.00
1/3/2024 1:30,76.40,69.50,5,100.00
1/3/2024 1:35,76.30,70.10,5,100.00
1/3/2024 1:40,76.40,69.00,5,100.00
1/3/2024 1:45,76.40,68.80,5,100.00
1/3/2024 1:50,76.30,70.00,5,100.00
1/3/2024 1:55,76.40,68.90,5,100.00
1/3/2024 2:00,76.40,69.20,5,100.00
1/3/2024 2:05,76.50,70.70,5,100.00
1/3/2024 2:10,76.50,69.30,5,100.00
1/3/2024 2:15,76.50,70.20,5,100.00
1/3/2024 2:20,76.40,71.00,5,100.00
1/3/2024 2:25,76.40,70.10,5,100.00
1/3/2024 2:30,76.40,70.00,5,100.00
1/3/2024 2:35,76.30,69.70,5,100.00
1/3/2024 2:40,76.30,68.30,5,100.00
1/3/2024 2:45,76.30,70.40,5,100.00
1/3/2024 2:50,76.30,70.10,5,100.00
1/3/2024 2:55,76.30,70.10,5,100.00
1/3/2024 3:00,76.30,68.80,5,100.00
1/3/2024 3:05,76.30,68.90,5,100.00
1/3/2024 3:10,76.40,71.70,5,100.00
1/3/2024 3:15,76.30,69.40,5,100.00
1/3/2024 3:20,76.30,69.20,5,100.00
1/3/2024 3:25,76.20,69.60,5,100.00
1/3/2024 3:30,76.20,69.60,5,100.00
1/3/2024 3:35,76.40,68.90,5,100.00
1/3/2024 3:40,76.40,68.90,5,100.00
1/3/2024 3:45,76.40,70.40,5,100.00
1/3/2024 3:50,76.40,68.40,5,100.00
1/3/2024 3:55,76.40,68.80,5,100.00
1/3/2024 4:00,76.40,69.30,5,100.00
1/3/2024 4:05,76.60,70.20,5,100.00
1/3/2024 4:10,76.60,70.00,5,100.00
1/3/2024 4:15,76.50,70.00,5,100.00
1/3/2024 4:20,76.40,70.00,5,100.00
1/3/2024 4:25,76.40,70.30,5,100.00
1/3/2024 4:30,76.40,69.30,5,100.00
1/3/2024 4:35,76.40,68.20,5,100.00
1/3/2024 4:40,76.40,68.60,5,100.00
1/3/2024 4:45,76.50,70.20,5,100.00
1/3/2024 4:50,76.50,70.60,5,100.00
1/3/2024 4:55,76.50,69.00,5,100.00
1/3/2024 5:00,76.50,69.30,5,100.00
1/3/2024 5:05,76.40,69.60,5,100.00
1/3/2024 5:10,76.50,70.20,5,100.00
1/3/2024 5:15,76.40,69.80,5,100.00
1/3/2024 5:20,76.40,68.90,5,100.00
1/3/2024 5:25,76.30,70.30,5,100.00
1/3/2024 5:30,76.40,71.10,5,100.00
1/3/2024 5:35,76.50,70.70,5,100.00
1/3/2024 5:40,76.70,72.50,5,100.00
1/3/2024 5:45,76.70,71.70,5,100.00
1/3/2024 5:50,76.80,70.90,5,100.00
1/3/2024 5:55,76.80,69.20,5,100.00
1/3/2024 6:00,76.70,69.40,5,100.00
1/3/2024 6:05,76.50,68.20,5,100.00
1/3/2024 6:10,76.50,67.50,5,100.00
1/3/2024 6:15,76.60,70.20,5,100.00
1/3/2024 6:20,76.60,70.50,5,100.00
1/3/2024 6:25,76.60,70.30,5,100.00
1/3/2024 6:30,77.00,72.70,5,100.00
1/3/2024 6:35,77.30,71.90,5,100.00
1/3/2024 6:40,77.10,72.70,5,100.00
1/3/2024 6:45,78.40,73.70,5,100.00
1/3/2024 6:50,77.20,73.20,5,100.00
1/3/2024 6:55,76.90,72.80,5,100.00
1/3/2024 7:00,76.30,72.20,5,100.00
1/3/2024 7:05,76.20,70.40,5,100.00
1/3/2024 7:10,77.70,71.30,5,100.00
1/3/2024 7:15,77.20,71.70,5,100.00
1/3/2024 7:20,77.50,71.90,5,100.00
1/3/2024 7:25,76.40,71.30,5,100.00
1/3/2024 7:30,76.80,71.00,5,100.00
1/3/2024 7:35,76.20,70.10,5,100.00
1/3/2024 7:40,76.40,70.70,5,100.00
1/3/2024 7:45,77.50,70.00,5,100.00
1/3/2024 7:50,75.90,69.30,5,100.00
1/3/2024 7:55,75.40,68.70,5,100.00
1/3/2024 8:00,75.20,68.50,5,100.00
1/3/2024 8:05,72.10,66.10,5,100.00
1/3/2024 8:10,73.00,65.40,5,100.00
1/3/2024 8:15,73.30,66.10,5,100.00
1/3/2024 8:20,73.40,66.80,5,100.00
1/3/2024 8:25,74.40,64.70,5,100.00
1/3/2024 8:30,73.50,64.20,5,100.00
1/3/2024 8:35,70.20,61.70,5,100.00
1/3/2024 8:40,69.40,58.70,5,100.00
1/3/2024 8:45,69.20,59.60,5,100.00
1/3/2024 8:50,65.70,59.20,5,100.00
1/3/2024 8:55,65.00,58.40,5,100.00
1/3/2024 9:00,63.50,56.50,5,100.00
1/3/2024 9:05,62.60,55.50,5,100.00
1/3/2024 9:10,64.20,56.30,5,100.00
1/3/2024 9:15,65.10,56.80,5,100.00
1/3/2024 9:20,66.00,56.50,5,100.00
1/3/2024 9:25,66.40,56.90,5,100.00
1/3/2024 9:30,67.40,57.60,5,100.00
1/3/2024 9:35,66.10,57.70,5,100.00
1/3/2024 9:40,65.70,56.20,5,100.00
1/3/2024 9:45,66.50,58.20,5,100.00
1/3/2024 9:50,66.40,58.10,5,100.00
1/3/2024 9:55,66.90,58.10,5,100.00
1/3/2024 10:00,68.80,59.10,5,100.00
1/3/2024 10:05,70.50,59.40,5,100.00
1/3/2024 10:10,67.20,58.80,5,100.00
1/3/2024 10:15,67.20,59.20,5,100.00
1/3/2024 10:20,68.20,60.60,5,100.00
1/3/2024 10:25,70.60,62.00,5,100.00
1/3/2024 10:30,72.20,61.90,5,100.00
1/3/2024 10:35,69.90,59.60,5,100.00
1/3/2024 10:40,69.00,59.60,5,100.00
1/3/2024 10:45,70.00,59.90,5,100.00
1/3/2024 10:50,70.00,60.80,5,100.00
1/3/2024 10:55,69.60,61.00,5,100.00
1/3/2024 11:00,70.50,61.70,5,100.00
1/3/2024 11:05,70.10,61.80,5,100.00
1/3/2024 11:10,69.10,62.40,5,100.00
1/3/2024 11:15,68.30,62.70,5,100.00
1/3/2024 11:20,67.20,62.00,5,100.00
1/3/2024 11:25,66.70,61.50,5,100.00
1/3/2024 11:30,67.70,62.70,5,100.00
1/3/2024 11:35,68.70,63.50,5,100.00
1/3/2024 11:40,68.70,63.10,5,100.00
1/3/2024 11:45,67.80,61.40,5,100.00
1/3/2024 11:50,67.50,62.50,5,100.00
1/3/2024 11:55,69.00,63.60,5,100.00
1/3/2024 12:00,70.30,65.00,5,100.00
1/3/2024 12:05,71.10,64.90,5,100.00
1/3/2024 12:10,71.30,65.00,5,100.00
1/3/2024 12:15,71.80,66.40,5,100.00
1/3/2024 12:20,71.40,66.50,5,100.00
1/3/2024 12:25,71.50,66.30,5,100.00
1/3/2024 12:30,70.80,66.00,5,100.00
1/3/2024 12:35,71.50,66.50,5,100.00
1/3/2024 12:40,71.60,66.00,5,100.00
1/3/2024 12:45,71.90,65.90,5,100.00
1/3/2024 12:50,72.00,66.30,5,100.00
1/3/2024 12:55,70.50,64.70,5,100.00
1/3/2024 13:00,70.90,65.50,5,100.00
1/3/2024 13:05,70.00,64.90,5,100.00
1/3/2024 13:10,69.00,63.30,5,100.00
1/3/2024 13:15,69.90,64.90,5,100.00
1/3/2024 13:20,70.70,64.80,5,100.00
1/3/2024 13:25,70.10,65.90,5,100.00
1/3/2024 13:30,71.00,65.50,5,100.00
1/3/2024 13:35,71.10,65.50,5,100.00
1/3/2024 13:40,70.80,66.10,5,100.00
1/3/2024 13:45,71.60,66.30,5,100.00
1/3/2024 13:50,71.20,65.70,5,100.00
1/3/2024 13:55,72.00,65.50,5,100.00
1/3/2024 14:00,72.10,65.50,5,100.00
1/3/2024 14:05,70.70,65.50,5,100.00
1/3/2024 14:10,70.20,65.60,5,100.00
1/3/2024 14:15,70.20,65.80,5,100.00
1/3/2024 14:20,69.80,65.20,5,100.00
1/3/2024 14:25,71.40,65.60,5,100.00
1/3/2024 14:30,72.00,65.50,5,100.00
1/3/2024 14:35,70.80,64.10,5,100.00
1/3/2024 14:40,70.00,64.20,5,100.00
1/3/2024 14:45,69.20,64.70,5,100.00
1/3/2024 14:50,69.10,64.20,5,100.00
1/3/2024 14:55,68.80,65.10,5,100.00
1/3/2024 15:00,67.90,64.60,5,100.00
1/3/2024 15:05,67.90,64.60,5,100.00
1/3/2024 15:10,67.60,63.30,5,100.00
1/3/2024 15:15,67.70,63.50,5,100.00
1/3/2024 15:20,67.60,62.90,5,100.00
1/3/2024 15:25,65.70,61.10,5,100.00
1/3/2024 15:30,54.50,45.10,5,100.00
1/3/2024 15:35,42.20,32.60,5,100.00
1/3/2024 15:40,33.70,26.10,5,100.00
1/3/2024 15:45,30.60,23.50,5,100.00
1/3/2024 15:50,42.30,29.80,5,100.00
1/3/2024 15:55,55.90,45.50,5,100.00
1/3/2024 16:00,62.10,55.10,5,100.00
1/3/2024 16:05,66.10,59.40,5,100.00
1/3/2024 16:10,65.50,57.60,5,100.00
1/3/2024 16:15,60.10,49.30,5,100.00
1/3/2024 16:20,44.40,35.30,5,100.00
1/3/2024 16:25,35.50,28.70,5,100.00
1/3/2024 16:30,33.10,25.60,5,100.00
1/3/2024 16:35,44.90,31.30,5,100.00
1/3/2024 16:40,54.60,40.10,5,100.00
1/3/2024 16:45,60.50,49.80,5,100.00
1/3/2024 16:50,63.90,57.20,5,100.00
1/3/2024 16:55,65.70,60.80,5,100.00
1/3/2024 17:00,66.50,61.60,5,100.00
1/3/2024 17:05,68.50,61.70,5,100.00
1/3/2024 17:10,65.90,59.60,5,100.00
1/3/2024 17:15,65.40,59.40,5,100.00
1/3/2024 17:20,66.30,60.90,5,100.00
1/3/2024 17:25,66.80,60.90,5,100.00
1/3/2024 17:30,64.20,60.30,5,100.00
1/3/2024 17:35,65.20,60.20,5,100.00
1/3/2024 17:40,66.00,60.20,5,100.00
1/3/2024 17:45,66.70,61.50,5,100.00
1/3/2024 17:50,67.50,62.50,5,100.00
1/3/2024 17:55,67.60,64.20,5,100.00
1/3/2024 18:00,66.50,62.90,5,100.00
1/3/2024 18:05,67.80,61.50,5,100.00
1/3/2024 18:10,68.30,61.60,5,100.00
1/3/2024 18:15,67.80,62.60,5,100.00
1/3/2024 18:20,67.50,62.50,5,100.00
1/3/2024 18:25,68.00,63.50,5,100.00
1/3/2024 18:30,69.00,63.20,5,100.00
1/3/2024 18:35,70.50,64.50,5,100.00
1/3/2024 18:40,70.10,65.10,5,100.00
1/3/2024 18:45,68.90,64.80,5,100.00
1/3/2024 18:50,68.00,65.30,5,100.00
1/3/2024 18:55,70.00,66.70,5,100.00
1/3/2024 19:00,73.40,66.50,5,100.00
1/3/2024 19:05,76.10,68.00,5,100.00
1/3/2024 19:10,76.20,68.10,5,100.00
1/3/2024 19:15,77.00,68.30,5,100.00
1/3/2024 19:20,77.20,67.30,5,100.00
1/3/2024 19:25,78.30,68.90,5,100.00
1/3/2024 19:30,77.00,68.20,5,100.00
1/3/2024 19:35,75.00,68.90,5,100.00
1/3/2024 19:40,77.00,68.20,5,100.00
1/3/2024 19:45,77.00,68.60,5,100.00
1/3/2024 19:50,76.80,68.40,5,100.00
1/3/2024 19:55,77.10,66.60,5,100.00
1/3/2024 20:00,77.30,68.90,5,100.00
1/3/2024 20:05,76.80,68.60,5,100.00
1/3/2024 20:10,77.20,69.00,5,100.00
1/3/2024 20:15,76.30,68.30,5,100.00
1/3/2024 20:20,76.00,68.80,5,100.00
1/3/2024 20:25,77.10,69.10,5,100.00
1/3/2024 20:30,76.20,69.70,5,100.00
1/3/2024 20:35,76.10,68.90,5,100.00
1/3/2024 20:40,76.70,69.50,5,100.00
1/3/2024 20:45,75.80,69.20,5,100.00
1/3/2024 20:50,75.60,68.20,5,100.00
1/3/2024 20:55,76.90,69.50,5,100.00
1/3/2024 21:00,76.90,69.50,5,100.00
1/3/2024 21:05,76.30,69.10,5,100.00
1/3/2024 21:10,76.90,70.00,5,100.00
1/3/2024 21:15,76.30,69.30,5,100.00
1/3/2024 21:20,75.70,70.30,5,100.00
1/3/2024 21:25,76.30,70.20,5,100.00
1/3/2024 21:30,76.70,71.80,5,100.00
1/3/2024 21:35,76.20,70.60,5,100.00
1/3/2024 21:40,76.90,71.50,5,100.00
1/3/2024 21:45,76.60,70.60,5,100.00
1/3/2024 21:50,76.50,70.80,5,100.00
1/3/2024 21:55,76.70,71.20,5,100.00
1/3/2024 22:00,76.40,71.20,5,100.00
1/3/2024 22:05,76.70,71.30,5,100.00
1/3/2024 22:10,76.00,70.60,5,100.00
1/3/2024 22:15,76.30,70.30,5,100.00
1/3/2024 22:20,76.40,69.20,5,100.00
1/3/2024 22:25,76.60,71.40,5,100.00
1/3/2024 22:30,76.80,70.70,5,100.00
1/3/2024 22:35,76.40,70.00,5,100.00
1/3/2024 22:40,76.40,70.80,5,100.00
1/3/2024 22:45,76.70,70.20,5,100.00
1/3/2024 22:50,76.60,70.90,5,100.00
1/3/2024 22:55,76.60,70.80,5,100.00
1/3/2024 23:00,76.60,70.30,5,100.00
1/3/2024 23:05,76.30,71.00,5,100.00
1/3/2024 23:10,76.50,70.10,5,100.00
1/3/2024 23:15,76.40,69.90,5,100.00
1/3/2024 23:20,76.40,68.90,5,100.00
1/3/2024 23:25,76.30,69.80,5,100.00
1/3/2024 23:30,76.40,70.00,5,100.00
1/3/2024 23:35,76.20,70.40,5,100.00
1/3/2024 23:40,76.20,69.40,5,100.00
1/3/2024 23:45,76.20,70.20,5,100.00
1/3/2024 23:50,76.20,69.40,5,100.00
1/3/2024 23:55,76.30,69.90,5,100.00
1/4/2024 0:00,76.50,69.70,5,100.00
1/4/2024 0:05,76.50,70.00,5,100.00
1/4/2024 0:10,76.50,68.10,5,100.00
1/4/2024 0:15,76.60,69.80,5,100.00
1/4/2024 0:20,76.60,70.00,5,100.00
1/4/2024 0:25,76.50,70.20,5,100.00
1/4/2024 0:30,76.60,70.60,5,100.00
1/4/2024 0:35,76.50,69.20,5,100.00
1/4/2024 0:40,76.60,69.60,5,100.00
1/4/2024 0:45,76.40,69.90,5,100.00
1/4/2024 0:50,76.50,70.70,5,100.00
1/4/2024 0:55,76.50,69.80,5,100.00
1/4/2024 1:00,76.50,69.00,5,100.00
1/4/2024 1:05,76.50,69.90,5,100.00
1/4/2024 1:10,76.30,69.60,5,100.00
1/4/2024 1:15,76.30,68.50,5,100.00
1/4/2024 1:20,76.50,70.40,5,100.00
1/4/2024 1:25,76.50,69.10,5,100.00
1/4/2024 1:30,76.40,69.40,5,100.00
1/4/2024 1:35,76.50,69.90,5,100.00
1/4/2024 1:40,76.60,70.70,5,100.00
1/4/2024 1:45,76.60,69.90,5,100.00
1/4/2024 1:50,76.50,70.20,5,100.00
1/4/2024 1:55,76.50,70.70,5,100.00
1/4/2024 2:00,76.50,69.60,5,100.00
1/4/2024 2:05,76.50,70.80,5,100.00
1/4/2024 2:10,76.60,70.50,5,100.00
1/4/2024 2:15,76.60,69.70,5,100.00
1/4/2024 2:20,76.60,69.00,5,100.00
1/4/2024 2:25,76.50,70.60,5,100.00
1/4/2024 2:30,76.40,71.40,5,100.00
1/4/2024 2:35,76.40,70.50,5,100.00
1/4/2024 2:40,76.40,68.90,5,100.00
1/4/2024 2:45,76.40,68.40,5,100.00
1/4/2024 2:50,76.40,70.90,5,100.00
1/4/2024 2:55,76.40,70.50,5,100.00
1/4/2024 3:00,77.10,70.50,5,100.00
1/4/2024 3:05,77.10,69.60,5,100.00
1/4/2024 3:10,77.00,70.10,5,100.00
1/4/2024 3:15,76.70,71.70,5,100.00
1/4/2024 3:20,76.40,69.90,5,100.00
1/4/2024 3:25,76.30,71.00,5,100.00
1/4/2024 3:30,76.60,70.90,5,100.00
1/4/2024 3:35,76.60,68.30,5,100.00
1/4/2024 3:40,76.60,68.50,5,100.00
1/4/2024 3:45,76.70,69.30,5,100.00
1/4/2024 3:50,76.70,69.60,5,100.00
1/4/2024 3:55,76.60,70.30,5,100.00
1/4/2024 4:00,76.60,70.30,5,100.00
1/4/2024 4:05,76.50,70.30,5,100.00
1/4/2024 4:10,76.50,70.00,5,100.00
1/4/2024 4:15,76.50,68.90,5,100.00
1/4/2024 4:20,76.50,69.70,5,100.00
1/4/2024 4:25,76.50,69.50,5,100.00
1/4/2024 4:30,76.50,68.00,5,100.00
1/4/2024 4:35,76.40,70.40,5,100.00
1/4/2024 4:40,76.50,69.00,5,100.00
1/4/2024 4:45,76.50,68.80,5,100.00
1/4/2024 4:50,76.50,70.10,5,100.00
1/4/2024 4:55,76.40,69.90,5,100.00
1/4/2024 5:00,76.30,69.70,5,100.00
1/4/2024 5:05,76.40,69.30,5,100.00
1/4/2024 5:10,76.50,69.80,5,100.00
1/4/2024 5:15,76.50,68.10,5,100.00
1/4/2024 5:20,76.40,68.50,5,100.00
1/4/2024 5:25,76.30,68.60,5,100.00
1/4/2024 5:30,76.30,68.10,5,100.00
1/4/2024 5:35,76.20,69.40,5,100.00
1/4/2024 5:40,76.40,70.00,5,100.00
1/4/2024 5:45,76.40,69.20,5,100.00
1/4/2024 5:50,76.10,68.20,5,100.00
1/4/2024 5:55,76.30,67.90,5,100.00
1/4/2024 6:00,76.20,68.60,5,100.00
1/4/2024 6:05,76.20,68.80,5,100.00
1/4/2024 6:10,76.20,69.00,5,100.00
1/4/2024 6:15,76.10,68.90,5,100.00
1/4/2024 6:20,76.30,69.50,5,100.00
1/4/2024 6:25,75.60,69.80,5,100.00
1/4/2024 6:30,73.70,69.90,5,100.00
1/4/2024 6:35,74.70,69.80,5,100.00
1/4/2024 6:40,74.60,70.40,5,100.00
1/4/2024 6:45,74.80,70.00,5,100.00
1/4/2024 6:50,74.00,70.80,5,100.00
1/4/2024 6:55,75.10,70.80,5,100.00
1/4/2024 7:00,75.90,69.90,5,100.00
1/4/2024 7:05,74.80,69.30,5,100.00
1/4/2024 7:10,75.20,69.90,5,100.00
1/4/2024 7:15,75.90,70.00,5,100.00
1/4/2024 7:20,75.40,68.50,5,100.00
1/4/2024 7:25,75.40,68.40,5,100.00
1/4/2024 7:30,75.50,68.40,5,100.00
1/4/2024 7:35,75.30,68.70,5,100.00
1/4/2024 7:40,74.10,68.00,5,100.00
1/4/2024 7:45,74.60,68.40,5,100.00
1/4/2024 7:50,74.10,68.70,5,100.00
1/4/2024 7:55,73.50,68.00,5,100.00
1/4/2024 8:00,73.70,67.50,5,100.00
1/4/2024 8:05,74.00,67.50,5,100.00
1/4/2024 8:10,74.70,68.10,5,100.00
1/4/2024 8:15,74.10,66.60,5,100.00
1/4/2024 8:20,74.40,67.40,5,100.00
1/4/2024 8:25,74.40,68.20,5,100.00
1/4/2024 8:30,74.20,67.20,5,100.00
1/4/2024 8:35,73.80,67.70,5,100.00
1/4/2024 8:40,74.20,66.80,5,100.00
1/4/2024 8:45,73.70,66.90,5,100.00
1/4/2024 8:50,75.20,67.20,5,100.00
1/4/2024 8:55,73.70,66.10,5,100.00
1/4/2024 9:00,75.60,66.70,5,100.00
1/4/2024 9:05,75.50,66.20,5,100.00
1/4/2024 9:10,77.80,66.20,5,100.00
1/4/2024 9:15,76.50,66.00,5,100.00
1/4/2024 9:20,76.60,65.60,5,100.00
1/4/2024 9:25,75.80,65.20,5,100.00
1/4/2024 9:30,76.90,66.30,5,100.00
1/4/2024 9:35,76.00,65.80,5,100.00
1/4/2024 9:40,76.10,64.80,5,100.00
1/4/2024 9:45,77.60,65.30,5,100.00
1/4/2024 9:50,75.70,65.40,5,100.00
1/4/2024 9:55,74.60,65.90,5,100.00
1/4/2024 10:00,75.80,65.70,5,100.00
1/4/2024 10:05,76.50,66.20,5,100.00
1/4/2024 10:10,77.50,66.50,5,100.00
1/4/2024 10:15,77.60,66.60,5,100.00
1/4/2024 10:20,76.80,65.60,5,100.00
1/4/2024 10:25,76.20,65.40,5,100.00
1/4/2024 10:30,76.70,65.40,5,100.00
1/4/2024 10:35,75.40,66.30,5,100.00
1/4/2024 10:40,76.00,64.90,5,100.00
1/4/2024 10:45,75.90,65.20,5,100.00
1/4/2024 10:50,74.40,65.80,5,100.00
1/4/2024 10:55,77.10,66.40,5,100.00
1/4/2024 11:00,73.40,65.70,5,100.00
1/4/2024 11:05,70.90,65.30,5,100.00
1/4/2024 11:10,69.70,64.40,5,100.00
1/4/2024 11:15,69.00,64.80,5,100.00
1/4/2024 11:20,69.70,65.80,5,100.00
1/4/2024 11:25,67.80,64.80,5,100.00
1/4/2024 11:30,67.30,63.80,5,100.00
1/4/2024 11:35,66.90,64.10,5,100.00
1/4/2024 11:40,66.40,63.70,5,100.00
1/4/2024 11:45,68.70,63.80,5,100.00
1/4/2024 11:50,69.30,64.00,5,100.00
1/4/2024 11:55,69.20,64.00,5,100.00
1/4/2024 12:00,68.60,63.60,5,100.00
1/4/2024 12:05,69.20,63.10,5,100.00
1/4/2024 12:10,69.00,63.40,5,100.00
1/4/2024 12:15,68.70,63.60,5,100.00
1/4/2024 12:20,69.70,63.50,5,100.00
1/4/2024 12:25,69.60,63.90,5,100.00
1/4/2024 12:30,68.20,64.70,5,100.00
1/4/2024 12:35,68.30,62.20,5,100.00
1/4/2024 12:40,69.00,62.30,5,100.00
1/4/2024 12:45,68.60,63.30,5,100.00
1/4/2024 12:50,68.90,64.20,5,100.00
1/4/2024 12:55,70.50,64.90,5,100.00
1/4/2024 13:00,71.40,65.10,5,100.00
1/4/2024 13:05,70.40,64.50,5,100.00
1/4/2024 13:10,70.30,64.40,5,100.00
1/4/2024 13:15,70.60,63.50,5,100.00
1/4/2024 13:20,69.90,64.60,5,100.00
1/4/2024 13:25,67.20,63.30,5,100.00
1/4/2024 13:30,65.80,62.90,5,100.00
1/4/2024 13:35,66.80,62.90,5,100.00
1/4/2024 13:40,67.00,62.80,5,100.00
1/4/2024 13:45,67.60,61.90,5,100.00
1/4/2024 13:50,68.30,62.70,5,100.00
1/4/2024 13:55,67.90,61.70,5,100.00
1/4/2024 14:00,67.90,61.20,5,100.00
1/4/2024 14:05,67.50,62.30,5,100.00
1/4/2024 14:10,67.60,62.70,5,100.00
1/4/2024 14:15,67.20,62.80,5,100.00
1/4/2024 14:20,68.60,62.40,5,100.00
1/4/2024 14:25,67.20,62.30,5,100.00
1/4/2024 14:30,66.90,61.90,5,100.00
1/4/2024 14:35,66.40,61.70,5,100.00
1/4/2024 14:40,65.80,61.60,5,100.00
1/4/2024 14:45,65.90,61.90,5,100.00
1/4/2024 14:50,65.50,62.10,5,100.00
1/4/2024 14:55,64.90,61.80,5,100.00
1/4/2024 15:00,63.80,61.10,5,100.00
1/4/2024 15:05,46.10,41.60,5,100.00
1/4/2024 15:10,38.60,33.30,5,100.00
1/4/2024 15:15,31.60,25.80,5,100.00
1/4/2024 15:20,28.30,24.00,5,100.00
1/4/2024 15:25,24.60,21.20,5,100.00
1/4/2024 15:30,26.80,21.00,5,100.00
1/4/2024 15:35,23.10,18.80,5,100.00
1/4/2024 15:40,24.90,21.00,5,100.00
1/4/2024 15:45,33.60,27.10,5,100.00
1/4/2024 15:50,41.30,30.70,5,100.00
1/4/2024 15:55,31.70,24.90,5,100.00
1/4/2024 16:00,28.50,23.50,5,100.00
1/4/2024 16:05,26.10,20.20,5,100.00
1/4/2024 16:10,22.80,19.70,5,100.00
1/4/2024 16:15,21.30,17.90,5,100.00
1/4/2024 16:20,21.40,18.90,5,100.00
1/4/2024 16:25,23.10,21.10,5,100.00
1/4/2024 16:30,25.80,22.40,5,100.00
1/4/2024 16:35,21.50,19.20,5,100.00
1/4/2024 16:40,22.60,19.00,5,100.00
1/4/2024 16:45,22.40,19.10,5,100.00
1/4/2024 16:50,21.70,18.00,5,100.00
1/4/2024 16:55,19.30,16.50,5,100.00
1/4/2024 17:00,20.10,16.20,5,100.00
1/4/2024 17:05,25.80,19.60,5,100.00
1/4/2024 17:10,26.70,20.90,5,100.00
1/4/2024 17:15,22.80,17.80,5,100.00
1/4/2024 17:20,23.00,18.20,5,100.00
1/4/2024 17:25,26.60,19.70,5,100.00
1/4/2024 17:30,24.40,17.90,5,100.00
1/4/2024 17:35,27.20,19.80,5,100.00
1/4/2024 17:40,25.20,18.50,5,100.00
1/4/2024 17:45,23.70,17.80,5,100.00
1/4/2024 17:50,25.50,18.50,5,100.00
1/4/2024 17:55,23.00,18.20,5,100.00
1/4/2024 18:00,29.00,21.00,5,100.00
1/4/2024 18:05,33.50,25.40,5,100.00
1/4/2024 18:10,27.50,21.20,5,100.00
1/4/2024 18:15,32.70,24.50,5,100.00
1/4/2024 18:20,46.50,39.20,5,100.00
1/4/2024 18:25,55.60,48.80,5,100.00
1/4/2024 18:30,59.70,55.60,5,100.00
1/4/2024 18:35,62.70,58.90,5,100.00
1/4/2024 18:40,64.80,60.40,5,100.00
1/4/2024 18:45,67.10,62.40,5,100.00
1/4/2024 18:50,67.60,63.60,5,100.00
1/4/2024 18:55,68.70,63.70,5,100.00
1/4/2024 19:00,70.70,65.80,5,100.00
1/4/2024 19:05,73.20,66.30,5,100.00
1/4/2024 19:10,74.30,65.70,5,100.00
1/4/2024 19:15,74.00,65.90,5,100.00
1/4/2024 19:20,76.10,66.40,5,100.00
1/4/2024 19:25,75.80,66.90,5,100.00
1/4/2024 19:30,76.80,67.60,5,100.00
1/4/2024 19:35,76.50,67.00,5,100.00
1/4/2024 19:40,76.20,66.80,5,100.00
1/4/2024 19:45,75.90,67.50,5,100.00
1/4/2024 19:50,74.40,67.60,5,100.00
1/4/2024 19:55,76.70,67.30,5,100.00
1/4/2024 20:00,77.00,67.70,5,100.00
1/4/2024 20:05,77.20,67.40,5,100.00
1/4/2024 20:10,78.10,67.80,5,100.00
1/4/2024 20:15,77.60,67.00,5,100.00
1/4/2024 20:20,76.30,67.70,5,100.00
1/4/2024 20:25,75.70,67.70,5,100.00
1/4/2024 20:30,75.80,66.80,5,100.00
1/4/2024 20:35,76.30,67.90,5,100.00
1/4/2024 20:40,75.40,68.40,5,100.00
1/4/2024 20:45,76.40,67.60,5,100.00
1/4/2024 20:50,75.90,67.70,5,100.00
1/4/2024 20:55,75.60,68.40,5,100.00
1/4/2024 21:00,76.60,69.40,5,100.00
1/4/2024 21:05,78.20,69.70,5,100.00
1/4/2024 21:10,75.70,69.80,5,100.00
1/4/2024 21:15,75.70,69.60,5,100.00
1/4/2024 21:20,74.90,69.60,5,100.00
1/4/2024 21:25,76.00,68.90,5,100.00
1/4/2024 21:30,77.50,71.20,5,100.00
1/4/2024 21:35,75.90,71.10,5,100.00
1/4/2024 21:40,76.40,71.80,5,100.00
1/4/2024 21:45,76.70,73.30,5,100.00
1/4/2024 21:50,77.00,72.20,5,100.00
1/4/2024 21:55,76.70,71.50,5,100.00
1/4/2024 22:00,76.50,71.30,5,100.00
1/4/2024 22:05,76.60,71.60,5,100.00
1/4/2024 22:10,75.80,70.60,5,100.00
1/4/2024 22:15,76.10,69.70,5,100.00
1/4/2024 22:20,76.40,71.10,5,100.00
1/4/2024 22:25,76.50,69.50,5,100.00
1/4/2024 22:30,76.50,70.80,5,100.00
1/4/2024 22:35,76.40,70.80,5,100.00
1/4/2024 22:40,76.60,70.80,5,100.00
1/4/2024 22:45,76.20,71.20,5,100.00
1/4/2024 22:50,76.00,71.10,5,100.00
1/4/2024 22:55,76.30,71.60,5,100.00
1/4/2024 23:00,76.40,70.50,5,100.00
1/4/2024 23:05,76.10,70.30,5,100.00
1/4/2024 23:10,76.20,70.70,5,100.00
1/4/2024 23:15,76.30,70.80,5,100.00
1/4/2024 23:20,76.50,70.60,5,100.00
1/4/2024 23:25,76.50,70.30,5,100.00
1/4/2024 23:30,76.50,70.00,5,100.00
1/4/2024 23:35,76.30,70.00,5,100.00
1/4/2024 23:40,76.40,71.10,5,100.00
1/4/2024 23:45,76.40,71.00,5,100.00
1/4/2024 23:50,76.40,70.70,5,100.00
1/4/2024 23:55,76.50,71.00,5,100.00
1/5/2024 0:00,76.50,69.60,5,100.00
1/5/2024 0:05,76.30,70.20,5,100.00
1/5/2024 0:10,76.20,70.70,5,100.00
1/5/2024 0:15,76.30,69.60,5,100.00
1/5/2024 0:20,76.30,70.80,5,100.00
1/5/2024 0:25,76.40,68.10,5,100.00
1/5/2024 0:30,76.50,69.10,5,100.00
1/5/2024 0:35,76.60,70.30,5,100.00
1/5/2024 0:40,76.60,70.10,5,100.00
1/5/2024 0:45,76.50,69.00,5,100.00
1/5/2024 0:50,76.60,70.80,5,100.00
1/5/2024 0:55,76.50,68.70,5,100.00
1/5/2024 1:00,76.50,69.00,5,100.00
1/5/2024 1:05,76.10,69.80,5,100.00
1/5/2024 1:10,76.40,70.10,5,100.00
1/5/2024 1:15,76.40,71.10,5,100.00
1/5/2024 1:20,76.40,69.80,5,100.00
1/5/2024 1:25,76.20,70.60,5,100.00
1/5/2024 1:30,76.30,71.00,5,100.00
1/5/2024 1:35,76.40,70.60,5,100.00
1/5/2024 1:40,76.40,70.90,5,100.00
1/5/2024 1:45,76.50,71.80,5,100.00
1/5/2024 1:50,76.50,70.40,5,100.00
1/5/2024 1:55,76.50,70.50,5,100.00
1/5/2024 2:00,76.40,70.80,5,100.00
1/5/2024 2:05,76.30,69.70,5,100.00
1/5/2024 2:10,76.30,70.90,5,100.00
1/5/2024 2:15,76.50,71.20,5,100.00
1/5/2024 2:20,76.50,70.20,5,100.00
1/5/2024 2:25,76.50,70.10,5,100.00
1/5/2024 2:30,76.60,71.30,5,100.00
1/5/2024 2:35,76.60,69.30,5,100.00
1/5/2024 2:40,76.60,69.30,5,100.00
1/5/2024 2:45,76.30,70.50,5,100.00
1/5/2024 2:50,76.30,70.20,5,100.00
1/5/2024 2:55,76.30,69.40,5,100.00
1/5/2024 3:00,76.30,70.00,5,100.00
1/5/2024 3:05,76.20,69.10,5,100.00
1/5/2024 3:10,76.40,71.30,5,100.00
1/5/2024 3:15,76.40,69.00,5,100.00
1/5/2024 3:20,76.50,71.10,5,100.00
1/5/2024 3:25,76.50,70.20,5,100.00
1/5/2024 3:30,76.50,71.60,5,100.00
1/5/2024 3:35,76.50,70.90,5,100.00
1/5/2024 3:40,76.50,68.60,5,100.00
1/5/2024 3:45,76.50,68.90,5,100.00
1/5/2024 3:50,76.40,70.80,5,100.00
1/5/2024 3:55,76.20,70.10,5,100.00
1/5/2024 4:00,76.20,68.20,5,100.00
1/5/2024 4:05,76.20,69.70,5,100.00
1/5/2024 4:10,76.60,71.00,5,100.00
1/5/2024 4:15,76.40,69.50,5,100.00
1/5/2024 4:20,76.40,70.90,5,100.00
1/5/2024 4:25,76.50,69.70,5,100.00
1/5/2024 4:30,76.50,68.80,5,100.00
1/5/2024 4:35,76.50,69.70,5,100.00
1/5/2024 4:40,76.40,68.40,5,100.00
1/5/2024 4:45,76.30,70.30,5,100.00
1/5/2024 4:50,76.30,69.00,5,100.00
1/5/2024 4:55,76.30,69.30,5,100.00
1/5/2024 5:00,76.40,68.50,5,100.00
1/5/2024 5:05,76.50,70.30,5,100.00
1/5/2024 5:10,76.60,69.80,5,100.00
1/5/2024 5:15,76.50,70.60,5,100.00
1/5/2024 5:20,76.30,70.10,5,100.00
1/5/2024 5:25,76.40,69.90,5,100.00
1/5/2024 5:30,76.40,69.70,5,100.00
1/5/2024 5:35,76.40,70.40,5,100.00
1/5/2024 5:40,76.40,72.00,5,100.00
1/5/2024 5:45,76.50,71.40,5,100.00
1/5/2024 5:50,76.30,69.80,5,100.00
1/5/2024 5:55,76.20,69.80,5,100.00
1/5/2024 6:00,76.30,71.40,5,100.00
1/5/2024 6:05,76.30,70.90,5,100.00
1/5/2024 6:10,76.30,68.80,5,100.00
1/5/2024 6:15,76.60,68.10,5,100.00
1/5/2024 6:20,76.40,68.90,5,100.00
1/5/2024 6:25,76.30,68.60,5,100.00
1/5/2024 6:30,76.20,70.00,5,100.00
1/5/2024 6:35,75.70,69.50,5,100.00
1/5/2024 6:40,76.60,70.50,5,100.00
1/5/2024 6:45,76.90,70.70,5,100.00
1/5/2024 6:50,76.70,69.70,5,100.00
1/5/2024 6:55,76.80,70.00,5,100.00
1/5/2024 7:00,76.60,70.40,5,100.00
1/5/2024 7:05,76.40,70.60,5,100.00
1/5/2024 7:10,75.70,70.10,5,100.00
1/5/2024 7:15,76.20,70.10,5,100.00
1/5/2024 7:20,76.30,69.90,5,100.00
1/5/2024 7:25,75.20,69.00,5,100.00
1/5/2024 7:30,76.00,69.00,5,100.00
1/5/2024 7:35,76.10,69.60,5,100.00
1/5/2024 7:40,75.70,69.30,5,100.00
1/5/2024 7:45,75.30,69.50,5,100.00
1/5/2024 7:50,75.90,68.80,5,100.00
1/5/2024 7:55,76.20,69.60,5,100.00
1/5/2024 8:00,76.70,68.70,5,100.00
1/5/2024 8:05,77.30,68.50,5,100.00
1/5/2024 8:10,76.60,68.50,5,100.00
1/5/2024 8:15,76.00,68.20,5,100.00
1/5/2024 8:20,74.90,66.60,5,100.00
1/5/2024 8:25,75.90,66.60,5,100.00
1/5/2024 8:30,76.80,67.50,5,100.00
1/5/2024 8:35,76.60,67.90,5,100.00
1/5/2024 8:40,74.50,67.20,5,100.00
1/5/2024 8:45,74.50,66.60,5,100.00
1/5/2024 8:50,74.70,66.30,5,100.00
1/5/2024 8:55,74.90,67.30,5,100.00
1/5/2024 9:00,74.30,67.30,5,100.00
1/5/2024 9:05,74.30,65.50,5,100.00
1/5/2024 9:10,73.50,64.70,5,100.00
1/5/2024 9:15,74.10,65.70,5,100.00
1/5/2024 9:20,75.10,65.90,5,100.00
1/5/2024 9:25,73.40,65.80,5,100.00
1/5/2024 9:30,73.70,65.20,5,100.00
1/5/2024 9:35,75.70,65.20,5,100.00
1/5/2024 9:40,76.70,65.40,5,100.00
1/5/2024 9:45,76.10,66.80,5,100.00
1/5/2024 9:50,75.70,65.80,5,100.00
1/5/2024 9:55,75.10,65.60,5,100.00
1/5/2024 10:00,74.70,65.70,5,100.00
1/5/2024 10:05,73.80,65.00,5,100.00
1/5/2024 10:10,74.10,64.50,5,100.00
1/5/2024 10:15,72.70,64.80,5,100.00
1/5/2024 10:20,70.70,65.40,5,100.00
1/5/2024 10:25,70.90,65.80,5,100.00
1/5/2024 10:30,71.90,65.10,5,100.00
1/5/2024 10:35,69.20,65.40,5,100.00
1/5/2024 10:40,70.40,64.60,5,100.00
1/5/2024 10:45,71.40,63.70,5,100.00
1/5/2024 10:50,71.10,64.40,5,100.00
1/5/2024 10:55,72.00,64.30,5,100.00
1/5/2024 11:00,71.60,64.20,5,100.00
1/5/2024 11:05,73.00,64.40,5,100.00
1/5/2024 11:10,71.10,64.30,5,100.00
1/5/2024 11:15,72.00,64.90,5,100.00
1/5/2024 11:20,70.90,65.00,5,100.00
1/5/2024 11:25,72.00,64.70,5,100.00
1/5/2024 11:30,70.70,63.90,5,100.00
1/5/2024 11:35,71.20,63.80,5,100.00
1/5/2024 11:40,72.10,64.50,5,100.00
1/5/2024 11:45,72.40,64.40,5,100.00
1/5/2024 11:50,72.60,63.10,5,100.00
1/5/2024 11:55,71.50,63.30,5,100.00
1/5/2024 12:00,70.50,65.00,5,100.00
1/5/2024 12:05,70.60,63.20,5,100.00
1/5/2024 12:10,69.10,62.30,5,100.00
1/5/2024 12:15,70.60,63.20,5,100.00
1/5/2024 12:20,70.20,63.00,5,100.00
1/5/2024 12:25,70.40,63.20,5,100.00
1/5/2024 12:30,71.40,64.30,5,100.00
1/5/2024 12:35,71.20,64.00,5,100.00
1/5/2024 12:40,72.10,64.50,5,100.00
1/5/2024 12:45,71.80,64.20,5,100.00
1/5/2024 12:50,71.10,64.30,5,100.00
1/5/2024 12:55,71.20,64.50,5,100.00
1/5/2024 13:00,71.40,63.30,5,100.00
1/5/2024 13:05,70.60,64.10,5,100.00
1/5/2024 13:10,70.20,63.60,5,100.00
1/5/2024 13:15,71.10,63.80,5,100.00
1/5/2024 13:20,70.30,63.60,5,100.00
1/5/2024 13:25,71.30,64.20,5,100.00
1/5/2024 13:30,71.10,63.40,5,100.00
1/5/2024 13:35,70.20,63.60,5,100.00
1/5/2024 13:40,71.80,63.40,5,100.00
1/5/2024 13:45,70.80,61.30,5,100.00
1/5/2024 13:50,68.40,61.30,5,100.00
1/5/2024 13:55,68.70,61.80,5,100.00
1/5/2024 14:00,68.30,62.00,5,100.00
1/5/2024 14:05,68.50,62.40,5,100.00
1/5/2024 14:10,69.30,62.30,5,100.00
1/5/2024 14:15,70.10,62.70,5,100.00
1/5/2024 14:20,69.70,60.20,5,100.00
1/5/2024 14:25,67.70,58.40,5,100.00
1/5/2024 14:30,55.10,45.90,5,100.00
1/5/2024 14:35,42.10,34.60,5,100.00
1/5/2024 14:40,33.40,26.10,5,100.00
1/5/2024 14:45,31.00,23.40,5,100.00
1/5/2024 14:50,26.80,21.40,5,100.00
1/5/2024 14:55,36.60,26.60,5,100.00
1/5/2024 15:00,32.90,24.10,5,100.00
1/5/2024 15:05,39.20,30.90,5,100.00
1/5/2024 15:10,34.60,25.50,5,100.00
1/5/2024 15:15,32.50,22.80,5,100.00
1/5/2024 15:20,30.60,22.50,5,100.00
1/5/2024 15:25,25.20,18.90,5,100.00
1/5/2024 15:30,20.10,16.60,5,100.00
1/5/2024 15:35,49.60,43.00,5,0.00
1/5/2024 15:40,48.20,42.80,5,0.00
1/5/2024 15:45,45.70,40.70,5,0.00
1/5/2024 15:50,54.10,50.20,5,100.00
1/5/2024 15:55,51.00,39.70,5,100.00
1/5/2024 16:00,35.90,28.40,5,100.00
1/5/2024 16:05,31.60,24.50,5,100.00
1/5/2024 16:10,21.70,17.90,5,100.00
1/5/2024 16:15,17.80,14.30,5,100.00
1/5/2024 16:20,17.70,14.00,5,100.00
1/5/2024 16:25,17.70,15.00,5,100.00
1/5/2024 16:30,18.50,16.30,5,100.00
1/5/2024 16:35,19.30,15.60,5,100.00
1/5/2024 16:40,19.20,15.10,5,100.00
1/5/2024 16:45,23.80,17.80,5,100.00
1/5/2024 16:50,30.70,21.80,5,100.00
1/5/2024 16:55,28.40,20.90,5,100.00
1/5/2024 17:00,29.40,21.40,5,100.00
1/5/2024 17:05,32.50,22.30,5,100.00
1/5/2024 17:10,29.20,19.60,5,100.00
1/5/2024 17:15,34.80,22.60,5,100.00
1/5/2024 17:20,34.80,25.40,5,100.00
1/5/2024 17:25,42.50,30.30,5,100.00
1/5/2024 17:30,42.80,30.10,5,100.00
1/5/2024 17:35,43.10,30.60,5,100.00
1/5/2024 17:40,46.00,30.20,5,100.00
1/5/2024 17:45,47.60,33.40,5,100.00
1/5/2024 17:50,56.60,44.50,5,100.00
1/5/2024 17:55,62.80,53.80,5,100.00
1/5/2024 18:00,64.50,56.30,5,100.00
1/5/2024 18:05,65.80,58.20,5,100.00
1/5/2024 18:10,66.40,60.50,5,100.00
1/5/2024 18:15,66.90,60.10,5,100.00
1/5/2024 18:20,67.70,61.90,5,100.00
1/5/2024 18:25,68.50,62.70,5,100.00
1/5/2024 18:30,68.00,63.50,5,100.00
1/5/2024 18:35,67.20,62.20,5,100.00
1/5/2024 18:40,69.00,63.30,5,100.00
1/5/2024 18:45,68.50,63.50,5,100.00
1/5/2024 18:50,69.60,64.60,5,100.00
1/5/2024 18:55,72.10,65.30,5,100.00
1/5/2024 19:00,75.00,66.20,5,100.00
1/5/2024 19:05,74.70,64.70,5,100.00
1/5/2024 19:10,75.10,65.10,5,100.00
1/5/2024 19:15,75.40,65.20,5,100.00
1/5/2024 19:20,75.00,65.30,5,100.00
1/5/2024 19:25,75.10,66.70,5,100.00
1/5/2024 19:30,75.60,67.20,5,100.00
1/5/2024 19:35,76.40,66.00,5,100.00
1/5/2024 19:40,76.80,66.50,5,100.00
1/5/2024 19:45,77.00,66.40,5,100.00
1/5/2024 19:50,77.70,67.90,5,100.00
1/5/2024 19:55,77.00,67.30,5,100.00
1/5/2024 20:00,76.60,68.30,5,100.00
1/5/2024 20:05,76.90,67.50,5,100.00
1/5/2024 20:10,75.40,66.90,5,100.00
1/5/2024 20:15,76.20,67.60,5,100.00
1/5/2024 20:20,75.40,66.60,5,100.00
1/5/2024 20:25,75.30,67.30,5,100.00
1/5/2024 20:30,75.70,67.30,5,100.00
1/5/2024 20:35,76.40,67.60,5,100.00
1/5/2024 20:40,77.40,67.80,5,100.00
1/5/2024 20:45,76.40,67.60,5,100.00
1/5/2024 20:50,76.00,66.70,5,100.00
1/5/2024 20:55,75.30,65.70,5,100.00
1/5/2024 21:00,76.40,67.60,5,100.00
1/5/2024 21:05,75.60,68.80,5,100.00
1/5/2024 21:10,77.10,69.50,5,100.00
1/5/2024 21:15,77.30,70.80,5,100.00
1/5/2024 21:20,76.50,70.10,5,100.00
1/5/2024 21:25,76.90,70.30,5,100.00
1/5/2024 21:30,76.10,68.30,5,100.00
1/5/2024 21:35,76.40,69.60,5,100.00
1/5/2024 21:40,75.00,69.30,5,100.00
1/5/2024 21:45,75.80,70.00,5,100.00
1/5/2024 21:50,76.30,70.00,5,100.00
1/5/2024 21:55,76.60,70.50,5,100.00
1/5/2024 22:00,77.70,70.00,5,100.00
1/5/2024 22:05,78.10,70.30,5,100.00
1/5/2024 22:10,78.50,69.40,5,100.00
1/5/2024 22:15,78.10,69.90,5,100.00
1/5/2024 22:20,78.90,70.10,5,100.00
1/5/2024 22:25,78.30,71.30,5,100.00
1/5/2024 22:30,76.40,71.50,5,100.00
1/5/2024 22:35,76.60,69.70,5,100.00
1/5/2024 22:40,77.10,70.80,5,100.00
1/5/2024 22:45,76.40,69.60,5,100.00
1/5/2024 22:50,76.30,69.70,5,100.00
1/5/2024 22:55,76.50,69.70,5,100.00
1/5/2024 23:00,76.00,69.40,5,100.00
1/5/2024 23:05,76.60,71.20,5,100.00
1/5/2024 23:10,76.70,70.30,5,100.00
1/5/2024 23:15,77.00,70.10,5,100.00
1/5/2024 23:20,76.90,70.10,5,100.00
1/5/2024 23:25,76.80,70.00,5,100.00
1/5/2024 23:30,76.80,70.90,5,100.00
1/5/2024 23:35,77.20,71.40,5,100.00
1/5/2024 23:40,76.80,69.50,5,100.00
1/5/2024 23:45,76.50,68.70,5,100.00
1/5/2024 23:50,76.30,69.00,5,100.00
1/5/2024 23:55,76.60,70.00,5,100.00
1/6/2024 0:00,76.50,70.30,5,100.00
1/6/2024 0:05,76.20,70.30,5,100.00
1/6/2024 0:10,76.20,70.70,5,100.00
1/6/2024 0:15,76.50,72.10,5,100.00
1/6/2024 0:20,76.70,71.60,5,100.00
1/6/2024 0:25,76.60,70.70,5,100.00
1/6/2024 0:30,76.50,71.00,5,100.00
1/6/2024 0:35,76.50,70.90,5,100.00
1/6/2024 0:40,76.60,71.20,5,100.00
1/6/2024 0:45,76.50,70.80,5,100.00
1/6/2024 0:50,76.30,71.40,5,100.00
1/6/2024 0:55,75.80,69.50,5,100.00
1/6/2024 1:00,76.10,71.00,5,100.00
1/6/2024 1:05,76.30,70.80,5,100.00
1/6/2024 1:10,76.30,71.00,5,100.00
1/6/2024 1:15,76.30,70.00,5,100.00
1/6/2024 1:20,76.20,71.30,5,100.00
1/6/2024 1:25,76.30,71.30,5,100.00
1/6/2024 1:30,76.50,71.30,5,100.00
1/6/2024 1:35,76.50,70.40,5,100.00
1/6/2024 1:40,76.60,71.10,5,100.00
1/6/2024 1:45,76.60,71.00,5,100.00
1/6/2024 1:50,76.60,69.90,5,100.00
1/6/2024 1:55,76.50,71.10,5,100.00
1/6/2024 2:00,76.60,71.10,5,100.00
1/6/2024 2:05,76.60,72.20,5,100.00
1/6/2024 2:10,76.50,71.20,5,100.00
1/6/2024 2:15,76.50,71.10,5,100.00
1/6/2024 2:20,76.60,71.00,5,100.00
1/6/2024 2:25,76.50,71.10,5,100.00
1/6/2024 2:30,76.40,70.10,5,100.00
1/6/2024 2:35,76.50,69.90,5,100.00
1/6/2024 2:40,76.40,69.90,5,100.00
1/6/2024 2:45,76.60,70.90,5,100.00
1/6/2024 2:50,76.40,70.10,5,100.00
1/6/2024 2:55,76.30,70.50,5,100.00
1/6/2024 3:00,76.50,71.00,5,100.00
1/6/2024 3:05,76.50,71.00,5,100.00
1/6/2024 3:10,76.50,69.80,5,100.00
1/6/2024 3:15,76.30,70.30,5,100.00
1/6/2024 3:20,76.30,68.60,5,100.00
1/6/2024 3:25,76.40,69.80,5,100.00
1/6/2024 3:30,76.30,69.40,5,100.00
1/6/2024 3:35,76.20,70.40,5,100.00
1/6/2024 3:40,76.20,70.40,5,100.00
1/6/2024 3:45,76.40,69.60,5,100.00
1/6/2024 3:50,76.40,69.20,5,100.00
1/6/2024 3:55,76.50,71.50,5,100.00
1/6/2024 4:00,76.50,71.60,5,100.00
1/6/2024 4:05,76.50,70.00,5,100.00
1/6/2024 4:10,76.40,70.40,5,100.00
1/6/2024 4:15,76.40,70.10,5,100.00
1/6/2024 4:20,76.40,69.30,5,100.00
1/6/2024 4:25,76.30,70.80,5,100.00
1/6/2024 4:30,76.30,69.80,5,100.00
1/6/2024 4:35,76.40,70.10,5,100.00
1/6/2024 4:40,76.50,69.80,5,100.00
1/6/2024 4:45,76.50,68.90,5,100.00
1/6/2024 4:50,76.50,69.40,5,100.00
1/6/2024 4:55,76.50,70.30,5,100.00
1/6/2024 5:00,76.40,69.30,5,100.00
1/6/2024 5:05,76.40,70.10,5,100.00
1/6/2024 5:10,76.40,70.50,5,100.00
1/6/2024 5:15,76.40,69.50,5,100.00
1/6/2024 5:20,76.40,67.70,5,100.00
1/6/2024 5:25,76.40,69.20,5,100.00
1/6/2024 5:30,76.40,69.50,5,100.00
1/6/2024 5:35,76.40,69.40,5,100.00
1/6/2024 5:40,76.50,69.40,5,100.00
1/6/2024 5:45,76.30,68.50,5,100.00
1/6/2024 5:50,76.20,70.20,5,100.00
1/6/2024 5:55,76.40,69.20,5,100.00
1/6/2024 6:00,76.30,68.60,5,100.00
1/6/2024 6:05,76.40,69.30,5,100.00
1/6/2024 6:10,76.40,68.90,5,100.00
1/6/2024 6:15,76.30,68.30,5,100.00
1/6/2024 6:20,76.40,69.70,5,100.00
1/6/2024 6:25,76.40,68.50,5,100.00
1/6/2024 6:30,76.50,69.30,5,100.00
1/6/2024 6:35,76.20,71.10,5,100.00
1/6/2024 6:40,76.20,71.20,5,100.00
1/6/2024 6:45,76.50,69.90,5,100.00
1/6/2024 6:50,76.60,70.90,5,100.00
1/6/2024 6:55,76.60,71.00,5,100.00
1/6/2024 7:00,76.50,69.80,5,100.00
1/6/2024 7:05,76.40,70.20,5,100.00
1/6/2024 7:10,76.40,71.00,5,100.00
1/6/2024 7:15,76.30,70.50,5,100.00
1/6/2024 7:20,76.50,70.10,5,100.00
1/6/2024 7:25,76.60,70.10,5,100.00
1/6/2024 7:30,76.40,70.00,5,100.00
1/6/2024 7:35,76.30,68.60,5,100.00
1/6/2024 7:40,76.00,68.20,5,100.00
1/6/2024 7:45,76.70,69.20,5,100.00
1/6/2024 7:50,75.80,70.70,5,100.00
1/6/2024 7:55,75.30,70.20,5,100.00
1/6/2024 8:00,75.90,70.00,5,100.00
1/6/2024 8:05,76.20,69.10,5,100.00
1/6/2024 8:10,76.10,69.10,5,100.00
1/6/2024 8:15,76.40,69.20,5,100.00
1/6/2024 8:20,76.60,68.20,5,100.00
1/6/2024 8:25,77.20,69.00,5,100.00
1/6/2024 8:30,77.10,70.40,5,100.00
1/6/2024 8:35,76.70,69.20,5,100.00
1/6/2024 8:40,76.30,69.80,5,100.00
1/6/2024 8:45,76.80,70.30,5,100.00
1/6/2024 8:50,76.50,69.90,5,100.00
1/6/2024 8:55,75.60,69.20,5,100.00
1/6/2024 9:00,76.30,69.60,5,100.00
1/6/2024 9:05,76.60,69.20,5,100.00
1/6/2024 9:10,75.60,68.30,5,100.00
1/6/2024 9:15,77.20,68.70,5,100.00
1/6/2024 9:20,77.60,68.80,5,100.00
1/6/2024 9:25,78.10,68.90,5,100.00
1/6/2024 9:30,78.10,69.00,5,100.00
1/6/2024 9:35,75.90,69.20,5,100.00
1/6/2024 9:40,75.50,69.30,5,100.00
1/6/2024 9:45,75.10,68.60,5,100.00
1/6/2024 9:50,75.10,69.40,5,100.00
1/6/2024 9:55,76.30,69.50,5,100.00
1/6/2024 10:00,77.90,68.70,5,100.00
1/6/2024 10:05,76.30,68.30,5,100.00
1/6/2024 10:10,76.00,68.40,5,100.00
1/6/2024 10:15,76.00,68.10,5,100.00
1/6/2024 10:20,75.60,67.40,5,100.00
1/6/2024 10:25,75.70,67.40,5,100.00
1/6/2024 10:30,76.90,68.70,5,100.00
1/6/2024 10:35,76.10,67.60,5,100.00
1/6/2024 10:40,75.90,67.40,5,100.00
1/6/2024 10:45,76.50,67.50,5,100.00
1/6/2024 10:50,74.80,67.70,5,100.00
1/6/2024 10:55,74.60,67.90,5,100.00
1/6/2024 11:00,74.40,68.10,5,100.00
1/6/2024 11:05,74.30,67.80,5,100.00
1/6/2024 11:10,73.90,68.50,5,100.00
1/6/2024 11:15,73.30,68.40,5,100.00
1/6/2024 11:20,73.80,68.10,5,100.00
1/6/2024 11:25,74.80,67.30,5,100.00
1/6/2024 11:30,74.50,67.50,5,100.00
1/6/2024 11:35,74.70,67.20,5,100.00
1/6/2024 11:40,74.70,67.10,5,100.00
1/6/2024 11:45,73.50,67.10,5,100.00
1/6/2024 11:50,72.30,65.90,5,100.00
1/6/2024 11:55,72.10,65.80,5,100.00
1/6/2024 12:00,71.60,64.80,5,100.00
1/6/2024 12:05,72.00,65.30,5,100.00
1/6/2024 12:10,71.10,64.70,5,100.00
1/6/2024 12:15,71.30,63.80,5,100.00
1/6/2024 12:20,71.30,63.80,5,100.00
1/6/2024 12:25,71.90,65.30,5,100.00
1/6/2024 12:30,73.00,65.40,5,100.00
1/6/2024 12:35,73.40,65.60,5,100.00
1/6/2024 12:40,73.00,65.60,5,100.00
1/6/2024 12:45,72.70,65.40,5,100.00
1/6/2024 12:50,72.20,64.40,5,100.00
1/6/2024 12:55,73.00,60.10,5,100.00
1/6/2024 13:00,72.40,63.00,5,100.00
1/6/2024 13:05,73.50,64.20,5,100.00
1/6/2024 13:10,73.30,65.40,5,100.00
1/6/2024 13:15,71.80,64.30,5,100.00
1/6/2024 13:20,71.60,65.50,5,100.00
1/6/2024 13:25,71.50,64.90,5,100.00
1/6/2024 13:30,73.70,66.10,5,100.00
1/6/2024 13:35,73.40,65.70,5,100.00
1/6/2024 13:40,77.40,65.90,5,100.00
1/6/2024 13:45,75.40,66.60,5,100.00
1/6/2024 13:50,73.30,66.20,5,100.00
1/6/2024 13:55,73.90,65.60,5,100.00
1/6/2024 14:00,72.40,64.90,5,100.00
1/6/2024 14:05,72.90,65.80,5,100.00
1/6/2024 14:10,73.30,65.90,5,100.00
1/6/2024 14:15,73.30,66.10,5,100.00
1/6/2024 14:20,72.50,64.90,5,100.00
1/6/2024 14:25,72.00,65.50,5,100.00
1/6/2024 14:30,71.40,65.40,5,100.00
1/6/2024 14:35,71.30,65.30,5,100.00
1/6/2024 14:40,73.50,66.10,5,100.00
1/6/2024 14:45,73.40,65.60,5,100.00
1/6/2024 14:50,72.10,65.70,5,100.00
1/6/2024 14:55,71.30,64.30,5,100.00
1/6/2024 15:00,72.10,62.80,5,100.00
1/6/2024 15:05,71.40,63.80,5,100.00
1/6/2024 15:10,71.90,64.50,5,100.00
1/6/2024 15:15,72.70,66.20,5,100.00
1/6/2024 15:20,72.80,65.20,5,100.00
1/6/2024 15:25,72.60,65.10,5,100.00
1/6/2024 15:30,71.70,65.60,5,100.00
1/6/2024 15:35,72.20,65.50,5,100.00
1/6/2024 15:40,72.10,66.00,5,100.00
1/6/2024 15:45,70.10,64.80,5,100.00
1/6/2024 15:50,71.10,64.40,5,100.00
1/6/2024 15:55,70.50,64.60,5,100.00
1/6/2024 16:00,71.60,64.10,5,100.00
1/6/2024 16:05,71.10,64.70,5,100.00
1/6/2024 16:10,70.60,64.50,5,100.00
1/6/2024 16:15,71.30,64.90,5,100.00
1/6/2024 16:20,70.70,65.30,5,100.00
1/6/2024 16:25,71.00,65.10,5,100.00
1/6/2024 16:30,69.70,64.20,5,100.00
1/6/2024 16:35,69.90,63.60,5,100.00
1/6/2024 16:40,70.50,64.10,5,100.00
1/6/2024 16:45,71.40,62.80,5,100.00
1/6/2024 16:50,71.20,64.00,5,100.00
1/6/2024 16:55,70.00,63.20,5,100.00
1/6/2024 17:00,69.80,64.10,5,100.00
1/6/2024 17:05,68.40,62.30,5,100.00
1/6/2024 17:10,67.60,61.90,5,100.00
1/6/2024 17:15,66.60,60.00,5,100.00
1/6/2024 17:20,68.40,62.10,5,100.00
1/6/2024 17:25,65.20,54.70,5,100.00
1/6/2024 17:30,60.20,47.50,5,100.00
1/6/2024 17:35,55.60,40.10,5,100.00
1/6/2024 17:40,48.70,33.50,5,100.00
1/6/2024 17:45,42.90,29.30,5,100.00
1/6/2024 17:50,46.10,31.20,5,100.00
1/6/2024 17:55,53.70,40.20,5,100.00
1/6/2024 18:00,64.00,52.40,5,100.00
1/6/2024 18:05,68.40,57.20,5,100.00
1/6/2024 18:10,71.00,60.20,5,100.00
1/6/2024 18:15,71.90,60.80,5,100.00
1/6/2024 18:20,72.20,62.60,5,100.00
1/6/2024 18:25,74.30,63.20,5,100.00
1/6/2024 18:30,75.10,63.80,5,100.00
1/6/2024 18:35,76.20,65.50,5,100.00
1/6/2024 18:40,76.00,66.50,5,100.00
1/6/2024 18:45,76.30,66.00,5,100.00
1/6/2024 18:50,77.00,66.30,5,100.00
1/6/2024 18:55,77.60,66.90,5,100.00
1/6/2024 19:00,77.20,67.00,5,100.00
1/6/2024 19:05,75.50,66.50,5,100.00
1/6/2024 19:10,76.10,66.60,5,100.00
1/6/2024 19:15,74.80,65.10,5,100.00
1/6/2024 19:20,75.60,66.70,5,100.00
1/6/2024 19:25,75.00,66.40,5,100.00
1/6/2024 19:30,75.60,66.60,5,100.00
1/6/2024 19:35,76.00,66.20,5,100.00
1/6/2024 19:40,76.90,68.00,5,100.00
1/6/2024 19:45,77.40,67.90,5,100.00
1/6/2024 19:50,78.00,68.10,5,100.00
1/6/2024 19:55,75.50,67.10,5,100.00
1/6/2024 20:00,76.40,67.60,5,100.00
1/6/2024 20:05,77.20,68.30,5,100.00
1/6/2024 20:10,78.40,69.40,5,100.00
1/6/2024 20:15,77.60,68.60,5,100.00
1/6/2024 20:20,78.20,68.60,5,100.00
1/6/2024 20:25,77.40,68.50,5,100.00
1/6/2024 20:30,76.30,68.20,5,100.00
1/6/2024 20:35,76.30,67.70,5,100.00
1/6/2024 20:40,76.70,69.30,5,100.00
1/6/2024 20:45,76.50,68.60,5,100.00
1/6/2024 20:50,77.50,67.80,5,100.00
1/6/2024 20:55,77.80,69.00,5,100.00
1/6/2024 21:00,78.00,70.50,5,100.00
1/6/2024 21:05,76.70,70.70,5,100.00
1/6/2024 21:10,76.50,70.30,5,100.00
1/6/2024 21:15,76.50,70.40,5,100.00
1/6/2024 21:20,75.90,69.90,5,100.00
1/6/2024 21:25,76.40,70.30,5,100.00
1/6/2024 21:30,77.20,69.70,5,100.00
1/6/2024 21:35,76.90,69.90,5,100.00
1/6/2024 21:40,77.20,72.20,5,100.00
1/6/2024 21:45,77.40,71.60,5,100.00
1/6/2024 21:50,76.90,69.90,5,100.00
1/6/2024 21:55,77.30,71.10,5,100.00
1/6/2024 22:00,76.20,71.70,5,100.00
1/6/2024 22:05,77.10,70.90,5,100.00
1/6/2024 22:10,78.20,71.40,5,100.00
1/6/2024 22:15,77.20,70.60,5,100.00
1/6/2024 22:20,77.10,70.00,5,100.00
1/6/2024 22:25,77.20,71.90,5,100.00
1/6/2024 22:30,77.40,71.30,5,100.00
1/6/2024 22:35,77.00,71.40,5,100.00
1/6/2024 22:40,76.80,71.60,5,100.00
1/6/2024 22:45,77.40,71.70,5,100.00
1/6/2024 22:50,77.50,72.20,5,100.00
1/6/2024 22:55,76.90,71.10,5,100.00
1/6/2024 23:00,77.00,71.70,5,100.00
1/6/2024 23:05,77.30,70.80,5,100.00
1/6/2024 23:10,77.30,71.50,5,100.00
1/6/2024 23:15,76.90,70.60,5,100.00
1/6/2024 23:20,77.00,71.20,5,100.00
1/6/2024 23:25,76.90,72.30,5,100.00
1/6/2024 23:30,77.30,72.50,5,100.00
1/6/2024 23:35,77.40,71.50,5,100.00
1/6/2024 23:40,76.90,71.00,5,100.00
1/6/2024 23:45,76.80,70.50,5,100.00
1/6/2024 23:50,76.70,71.40,5,100.00
1/6/2024 23:55,76.50,71.70,5,100.00
1/7/2024 0:00,76.50,71.00,5,100.00
1/7/2024 0:05,76.60,71.00,5,100.00
1/7/2024 0:10,76.70,69.90,5,100.00
1/7/2024 0:15,76.60,71.20,5,100.00
1/7/2024 0:20,76.50,70.80,5,100.00
1/7/2024 0:25,76.50,70.60,5,100.00
1/7/2024 0:30,75.70,71.10,5,100.00
1/7/2024 0:35,76.00,70.50,5,100.00
1/7/2024 0:40,76.20,71.00,5,100.00
1/7/2024 0:45,76.40,71.90,5,100.00
1/7/2024 0:50,76.30,71.30,5,100.00
1/7/2024 0:55,76.20,71.40,5,100.00
1/7/2024 1:00,76.40,72.40,5,100.00
1/7/2024 1:05,76.50,71.30,5,100.00
1/7/2024 1:10,76.50,70.70,5,100.00
1/7/2024 1:15,76.40,70.90,5,100.00
1/7/2024 1:20,76.40,70.60,5,100.00
1/7/2024 1:25,76.50,70.80,5,100.00
1/7/2024 1:30,76.50,71.90,5,100.00
1/7/2024 1:35,76.60,70.50,5,100.00
1/7/2024 1:40,76.60,70.90,5,100.00
1/7/2024 1:45,76.50,71.40,5,100.00
1/7/2024 1:50,76.60,70.90,5,100.00
1/7/2024 1:55,76.60,70.10,5,100.00
1/7/2024 2:00,76.50,70.70,5,100.00
1/7/2024 2:05,76.50,70.40,5,100.00
1/7/2024 2:10,76.60,71.00,5,100.00
1/7/2024 2:15,76.70,72.00,5,100.00
1/7/2024 2:20,76.50,71.40,5,100.00
1/7/2024 2:25,76.50,71.50,5,100.00
1/7/2024 2:30,76.50,70.70,5,100.00
1/7/2024 2:35,76.70,71.80,5,100.00
1/7/2024 2:40,76.60,70.80,5,100.00
1/7/2024 2:45,76.50,71.40,5,100.00
1/7/2024 2:50,76.40,70.80,5,100.00
1/7/2024 2:55,76.60,70.30,5,100.00
1/7/2024 3:00,76.60,71.30,5,100.00
1/7/2024 3:05,76.40,70.50,5,100.00
1/7/2024 3:10,76.50,70.30,5,100.00
1/7/2024 3:15,76.30,70.10,5,100.00
1/7/2024 3:20,76.20,71.60,5,100.00
1/7/2024 3:25,76.30,70.60,5,100.00
1/7/2024 3:30,76.30,68.40,5,100.00
1/7/2024 3:35,76.40,70.80,5,100.00
1/7/2024 3:40,76.30,71.90,5,100.00
1/7/2024 3:45,76.40,70.90,5,100.00
1/7/2024 3:50,76.20,68.60,5,100.00
1/7/2024 3:55,76.20,71.20,5,100.00
1/7/2024 4:00,76.30,70.10,5,100.00
1/7/2024 4:05,76.50,69.70,5,100.00
1/7/2024 4:10,76.50,69.90,5,100.00
1/7/2024 4:15,76.60,69.70,5,100.00
1/7/2024 4:20,76.70,71.20,5,100.00
1/7/2024 4:25,76.60,69.40,5,100.00
1/7/2024 4:30,76.60,68.70,5,100.00
1/7/2024 4:35,76.60,70.00,5,100.00
1/7/2024 4:40,76.60,70.60,5,100.00
1/7/2024 4:45,76.60,70.30,5,100.00
1/7/2024 4:50,76.60,70.70,5,100.00
1/7/2024 4:55,76.60,68.70,5,100.00
1/7/2024 5:00,76.60,68.80,5,100.00
1/7/2024 5:05,76.60,68.30,5,100.00
1/7/2024 5:10,76.60,68.20,5,100.00
1/7/2024 5:15,76.50,69.50,5,100.00
1/7/2024 5:20,76.50,67.70,5,100.00
1/7/2024 5:25,76.20,69.10,5,100.00
1/7/2024 5:30,76.40,68.50,5,100.00
1/7/2024 5:35,76.40,69.20,5,100.00
1/7/2024 5:40,76.40,69.50,5,100.00
1/7/2024 5:45,76.40,70.00,5,100.00
1/7/2024 5:50,76.40,69.30,5,100.00
1/7/2024 5:55,76.00,69.80,5,100.00
1/7/2024 6:00,76.30,69.20,5,100.00
1/7/2024 6:05,76.40,68.90,5,100.00
1/7/2024 6:10,76.50,70.00,5,100.00
1/7/2024 6:15,76.50,69.40,5,100.00
1/7/2024 6:20,76.50,68.80,5,100.00
1/7/2024 6:25,76.50,69.80,5,100.00
1/7/2024 6:30,76.60,69.60,5,100.00
1/7/2024 6:35,76.40,70.30,5,100.00
1/7/2024 6:40,76.40,70.90,5,100.00
1/7/2024 6:45,76.70,71.40,5,100.00
1/7/2024 6:50,76.60,69.90,5,100.00
1/7/2024 6:55,76.70,70.60,5,100.00
1/7/2024 7:00,76.60,70.70,5,100.00
1/7/2024 7:05,76.50,70.90,5,100.00
1/7/2024 7:10,76.40,70.60,5,100.00
1/7/2024 7:15,76.40,70.10,5,100.00
1/7/2024 7:20,76.40,69.90,5,100.00
1/7/2024 7:25,76.30,70.10,5,100.00
1/7/2024 7:30,76.50,69.90,5,100.00
1/7/2024 7:35,76.60,70.30,5,100.00
1/7/2024 7:40,76.60,70.00,5,100.00
1/7/2024 7:45,76.50,69.80,5,100.00
1/7/2024 7:50,76.80,70.70,5,100.00
1/7/2024 7:55,76.80,70.00,5,100.00
1/7/2024 8:00,76.70,69.30,5,100.00
1/7/2024 8:05,76.80,69.90,5,100.00
1/7/2024 8:10,76.80,70.30,5,100.00
1/7/2024 8:15,76.80,70.00,5,100.00
1/7/2024 8:20,76.80,70.20,5,100.00
1/7/2024 8:25,76.70,70.90,5,100.00
1/7/2024 8:30,76.90,70.20,5,100.00
1/7/2024 8:35,76.60,69.90,5,100.00
1/7/2024 8:40,76.40,68.60,5,100.00
1/7/2024 8:45,76.40,68.60,5,100.00
1/7/2024 8:50,75.90,68.90,5,100.00
1/7/2024 8:55,75.80,69.60,5,100.00
1/7/2024 9:00,76.20,68.20,5,100.00
1/7/2024 9:05,76.10,68.40,5,100.00
1/7/2024 9:10,76.20,68.90,5,100.00
1/7/2024 9:15,76.50,69.90,5,100.00
1/7/2024 9:20,75.80,68.70,5,100.00
1/7/2024 9:25,76.50,69.10,5,100.00
1/7/2024 9:30,74.30,69.00,5,100.00
1/7/2024 9:35,75.90,69.40,5,100.00
1/7/2024 9:40,76.50,68.50,5,100.00
1/7/2024 9:45,77.20,68.30,5,100.00
1/7/2024 9:50,76.30,68.70,5,100.00
1/7/2024 9:55,74.40,68.20,5,100.00
1/7/2024 10:00,75.60,67.20,5,100.00
1/7/2024 10:05,75.40,67.10,5,100.00
1/7/2024 10:10,75.00,68.30,5,100.00
1/7/2024 10:15,74.70,68.20,5,100.00
1/7/2024 10:20,74.90,67.70,5,100.00
1/7/2024 10:25,74.40,67.60,5,100.00
1/7/2024 10:30,75.00,67.20,5,100.00
1/7/2024 10:35,74.60,66.90,5,100.00
1/7/2024 10:40,75.70,67.30,5,100.00
1/7/2024 10:45,74.60,66.90,5,100.00
1/7/2024 10:50,75.40,66.10,5,100.00
1/7/2024 10:55,74.60,65.50,5,100.00
1/7/2024 11:00,74.80,65.80,5,100.00
1/7/2024 11:05,75.00,66.00,5,100.00
1/7/2024 11:10,75.60,66.00,5,100.00
1/7/2024 11:15,74.70,65.80,5,100.00
1/7/2024 11:20,75.80,66.20,5,100.00
1/7/2024 11:25,75.60,66.80,5,100.00
1/7/2024 11:30,74.00,66.30,5,100.00
1/7/2024 11:35,74.80,66.90,5,100.00
1/7/2024 11:40,74.50,66.40,5,100.00
1/7/2024 11:45,74.40,65.40,5,100.00
1/7/2024 11:50,73.90,65.90,5,100.00
1/7/2024 11:55,74.00,66.20,5,100.00
1/7/2024 12:00,74.80,65.90,5,100.00
1/7/2024 12:05,74.40,66.00,5,100.00
1/7/2024 12:10,74.60,65.40,5,100.00
1/7/2024 12:15,74.30,66.20,5,100.00
1/7/2024 12:20,74.30,66.00,5,100.00
1/7/2024 12:25,74.90,65.90,5,100.00
1/7/2024 12:30,75.70,66.40,5,100.00
1/7/2024 12:35,75.30,65.90,5,100.00
1/7/2024 12:40,76.30,64.70,5,100.00
1/7/2024 12:45,75.90,63.70,5,100.00
1/7/2024 12:50,74.20,64.60,5,100.00
1/7/2024 12:55,75.10,65.30,5,100.00
1/7/2024 13:00,74.70,65.80,5,100.00
1/7/2024 13:05,75.00,65.70,5,100.00
1/7/2024 13:10,74.90,65.70,5,100.00
1/7/2024 13:15,76.30,66.00,5,100.00
1/7/2024 13:20,76.00,65.60,5,100.00
1/7/2024 13:25,75.50,65.50,5,100.00
1/7/2024 13:30,74.90,65.00,5,100.00
1/7/2024 13:35,74.90,66.00,5,100.00
1/7/2024 13:40,75.70,66.00,5,100.00
1/7/2024 13:45,75.40,65.50,5,100.00
1/7/2024 13:50,75.70,65.30,5,100.00
1/7/2024 13:55,75.50,65.40,5,100.00
1/7/2024 14:00,76.40,66.10,5,100.00
1/7/2024 14:05,77.60,66.20,5,100.00
1/7/2024 14:10,76.60,66.60,5,100.00
1/7/2024 14:15,75.90,65.90,5,100.00
1/7/2024 14:20,74.50,65.20,5,100.00
1/7/2024 14:25,74.40,65.60,5,100.00
1/7/2024 14:30,74.60,66.20,5,100.00
1/7/2024 14:35,73.70,65.10,5,100.00
1/7/2024 14:40,74.00,65.30,5,100.00
1/7/2024 14:45,74.40,65.20,5,100.00
1/7/2024 14:50,74.90,65.10,5,100.00
1/7/2024 14:55,74.60,66.50,5,100.00
1/7/2024 15:00,75.00,66.50,5,100.00
1/7/2024 15:05,75.60,66.00,5,100.00
1/7/2024 15:10,74.70,65.70,5,100.00
1/7/2024 15:15,74.00,66.10,5,100.00
1/7/2024 15:20,73.90,65.50,5,100.00
1/7/2024 15:25,74.30,65.90,5,100.00
1/7/2024 15:30,74.70,65.70,5,100.00
1/7/2024 15:35,76.20,65.60,5,100.00
1/7/2024 15:40,75.90,65.60,5,100.00
1/7/2024 15:45,75.80,64.60,5,100.00
1/7/2024 15:50,74.10,65.30,5,100.00
1/7/2024 15:55,80.50,65.90,5,100.00
1/7/2024 16:00,78.10,66.20,5,100.00
1/7/2024 16:05,75.80,64.80,5,100.00
1/7/2024 16:10,76.00,64.80,5,100.00
1/7/2024 16:15,74.10,65.10,5,100.00
1/7/2024 16:20,75.50,64.10,5,100.00
1/7/2024 16:25,76.00,64.30,5,100.00
1/7/2024 16:30,74.70,63.70,5,100.00
1/7/2024 16:35,74.70,63.90,5,100.00
1/7/2024 16:40,75.00,63.90,5,100.00
1/7/2024 16:45,74.10,64.20,5,100.00
1/7/2024 16:50,73.40,63.80,5,100.00
1/7/2024 16:55,74.00,64.90,5,100.00
1/7/2024 17:00,74.60,64.70,5,100.00
1/7/2024 17:05,76.80,64.90,5,100.00
1/7/2024 17:10,76.30,64.40,5,100.00
1/7/2024 17:15,74.90,63.10,5,100.00
1/7/2024 17:20,72.80,62.40,5,100.00
1/7/2024 17:25,71.50,61.30,5,100.00
1/7/2024 17:30,71.60,61.40,5,100.00
1/7/2024 17:35,71.40,61.40,5,100.00
1/7/2024 17:40,73.20,62.30,5,100.00
1/7/2024 17:45,74.10,63.40,5,100.00
1/7/2024 17:50,75.50,63.10,5,100.00
1/7/2024 17:55,75.30,63.90,5,100.00
1/7/2024 18:00,75.60,65.20,5,100.00
1/7/2024 18:05,75.50,65.30,5,100.00
1/7/2024 18:10,76.00,66.40,5,100.00
1/7/2024 18:15,76.00,66.70,5,100.00
1/7/2024 18:20,75.00,65.70,5,100.00
1/7/2024 18:25,76.70,67.20,5,100.00
1/7/2024 18:30,76.80,67.00,5,100.00
1/7/2024 18:35,77.40,67.40,5,100.00
1/7/2024 18:40,77.30,67.90,5,100.00
1/7/2024 18:45,77.10,67.80,5,100.00
1/7/2024 18:50,77.00,67.30,5,100.00
1/7/2024 18:55,76.70,66.50,5,100.00
1/7/2024 19:00,76.30,67.90,5,100.00
1/7/2024 19:05,76.20,67.00,5,100.00
1/7/2024 19:10,77.20,69.00,5,100.00
1/7/2024 19:15,77.70,68.60,5,100.00
1/7/2024 19:20,77.50,67.70,5,100.00
1/7/2024 19:25,77.80,69.40,5,100.00
1/7/2024 19:30,77.50,68.10,5,100.00
1/7/2024 19:35,77.20,69.10,5,100.00
1/7/2024 19:40,77.20,67.10,5,100.00
1/7/2024 19:45,77.80,67.40,5,100.00
1/7/2024 19:50,78.00,68.40,5,100.00
1/7/2024 19:55,77.40,67.60,5,100.00
1/7/2024 20:00,76.50,69.00,5,100.00
1/7/2024 20:05,76.20,68.80,5,100.00
1/7/2024 20:10,76.70,67.90,5,100.00
1/7/2024 20:15,77.00,68.20,5,100.00
1/7/2024 20:20,76.80,67.70,5,100.00
1/7/2024 20:25,77.40,67.60,5,100.00
1/7/2024 20:30,78.00,68.80,5,100.00
1/7/2024 20:35,77.00,69.40,5,100.00
1/7/2024 20:40,77.40,70.60,5,100.00
1/7/2024 20:45,77.10,69.70,5,100.00
1/7/2024 20:50,77.60,70.00,5,100.00
1/7/2024 20:55,76.80,69.20,5,100.00
1/7/2024 21:00,76.40,69.50,5,100.00
1/7/2024 21:05,76.60,70.20,5,100.00
1/7/2024 21:10,76.20,69.90,5,100.00
1/7/2024 21:15,76.40,70.10,5,100.00
1/7/2024 21:20,76.50,71.50,5,100.00
1/7/2024 21:25,75.70,70.50,5,100.00
1/7/2024 21:30,75.80,70.70,5,100.00
1/7/2024 21:35,76.40,69.10,5,100.00
1/7/2024 21:40,76.40,69.20,5,100.00
1/7/2024 21:45,76.30,69.80,5,100.00
1/7/2024 21:50,75.10,70.50,5,100.00
1/7/2024 21:55,75.60,70.50,5,100.00
1/7/2024 22:00,76.20,70.80,5,100.00
1/7/2024 22:05,76.20,69.90,5,100.00
1/7/2024 22:10,76.10,70.10,5,100.00
1/7/2024 22:15,76.50,71.60,5,100.00
1/7/2024 22:20,76.40,69.30,5,100.00
1/7/2024 22:25,76.40,69.10,5,100.00
1/7/2024 22:30,76.50,67.80,5,100.00
1/7/2024 22:35,75.60,68.20,5,100.00
1/7/2024 22:40,76.10,70.30,5,100.00
1/7/2024 22:45,76.30,69.30,5,100.00
1/7/2024 22:50,76.60,69.80,5,100.00
1/7/2024 22:55,76.50,69.80,5,100.00
1/7/2024 23:00,76.40,69.00,5,100.00
1/7/2024 23:05,76.50,70.30,5,100.00
1/7/2024 23:10,76.60,70.30,5,100.00
1/7/2024 23:15,76.60,71.20,5,100.00
1/7/2024 23:20,76.50,69.90,5,100.00
1/7/2024 23:25,76.50,69.60,5,100.00
1/7/2024 23:30,76.50,69.60,5,100.00
1/7/2024 23:35,76.50,69.20,5,100.00
1/7/2024 23:40,76.50,69.70,5,100.00
1/7/2024 23:45,76.60,70.30,5,100.00
1/7/2024 23:50,76.60,70.20,5,100.00
1/7/2024 23:55,76.60,70.40,5,100.00